-- MariaDB dump 10.18  Distrib 10.4.17-MariaDB, for debian-linux-gnu (x86_64)
--
-- Host: localhost    Database: gcb
-- ------------------------------------------------------
-- Server version	10.4.17-MariaDB-1:10.4.17+maria~focal

/*!40101 SET @OLD_CHARACTER_SET_CLIENT=@@CHARACTER_SET_CLIENT */;
/*!40101 SET @OLD_CHARACTER_SET_RESULTS=@@CHARACTER_SET_RESULTS */;
/*!40101 SET @OLD_COLLATION_CONNECTION=@@COLLATION_CONNECTION */;
/*!40101 SET NAMES utf8mb4 */;
/*!40103 SET @OLD_TIME_ZONE=@@TIME_ZONE */;
/*!40103 SET TIME_ZONE='+00:00' */;
/*!40014 SET @OLD_UNIQUE_CHECKS=@@UNIQUE_CHECKS, UNIQUE_CHECKS=0 */;
/*!40014 SET @OLD_FOREIGN_KEY_CHECKS=@@FOREIGN_KEY_CHECKS, FOREIGN_KEY_CHECKS=0 */;
/*!40101 SET @OLD_SQL_MODE=@@SQL_MODE, SQL_MODE='NO_AUTO_VALUE_ON_ZERO' */;
/*!40111 SET @OLD_SQL_NOTES=@@SQL_NOTES, SQL_NOTES=0 */;

--
-- Table structure for table `audit_data`
--

DROP TABLE IF EXISTS `audit_data`;
/*!40101 SET @saved_cs_client     = @@character_set_client */;
/*!40101 SET character_set_client = utf8 */;
CREATE TABLE `audit_data` (
  `id` int(11) NOT NULL AUTO_INCREMENT,
  `entry_id` int(11) NOT NULL,
  `type` varchar(255) NOT NULL,
  `data` blob DEFAULT NULL,
  `created` datetime DEFAULT NULL,
  PRIMARY KEY (`id`),
  KEY `fk_audit_data_entry_id` (`entry_id`),
  CONSTRAINT `fk_audit_data_entry_id` FOREIGN KEY (`entry_id`) REFERENCES `audit_entry` (`id`)
) ENGINE=InnoDB AUTO_INCREMENT=715 DEFAULT CHARSET=utf8;
/*!40101 SET character_set_client = @saved_cs_client */;

--
-- Dumping data for table `audit_data`
--

LOCK TABLES `audit_data` WRITE;
/*!40000 ALTER TABLE `audit_data` DISABLE KEYS */;
INSERT INTO `audit_data` VALUES (575,122,'audit/request','xW[sF~d]	U\0h0M@R$x{v`ӗΞ˷;63k8ېǆb<>e,>h*Z-/{cCUey`igy5\ZNhc\Z8[nu&Q@4N[,tu}iBA:eu-I%vhvwc:3F$_K&wDֻ\rt뒇qJ(V$%ȶQ!7n{\rpNH>0χݶVin z_>~%DXh}F~]]G$CњnW\"#$\nFkwH!rwP5%Yy7$+\0\"R8ؐzGy\ZsZzFm[w$%){kA&C2w4I~A\0}Na<4HOI0jQ:8)\'F3j:P򡀥}G5[aɪm&bԮPu	(T-%YBI\\Ţkk\Z	 4&K\nZ\'s՗4#u%TU\r^!t?naMjU(<յYX8;\Z\"IW(#&y%\Z_0O]f2!F<>\0.\"v*#C8vH!O2SÈsv/=^OSϗc@kD9Ӳ?A\\臊<`bFh?%Lk3]grIsO\r_)TS`]G9@K{!k\"yw*SC}o4`O4ޯNňgZi\\wxfpr[q9Y{鏋E \r\ZmDa+\Zr\Zǹ]3NNFNz=.uUmK@\\>_]\0!H{N\ZFSdEqt-yp. ґt,J!*9C	c])9梩	SP8<EI\ZA|9K^d;·aCCY\\=OrS}@[\rB2\'jIVF!94M%]ttQ?JvoT?vwL7?*-ű9&~`BJիN\"o`װk%xE=̞@sЏ뢨SN\0pZnjTvڽ֫x8zGbG8]?#.zػwGG.\\}O.,yg	aS-]ƘL؞','2020-12-11 13:46:13'),(576,122,'audit/db','xWoHOAǚsY´NlJWlmsi4@0sc1yNnh.	a-T9F*gl6xvi;tr)dFG\"[b?}u] S\0(Wa\Z$	1ٚK~*i!#\ruekP&XXTde=\\hY[txR˳gUwy,ʝBˌWIPDiK	niLS)X</%Z\"IBUf^A,\"#pO$H헷(\Z\0ZjZj\ZXckV~Nlǝ#l M\"#QRx	TDzɩufM-{hzilt2zM34\n;.kuﭪ5:bke]ܑ9I;{u2f17A0]|T^:4]s<9Ayo2}p􌉑#؜}T4{ w֥~\nr{݁=QJrPuJTktB6ڻ\Z^9eGY3C?̌8̌ggjf(Ju\0R}h\0Ued;xG5֩Y*o̋BJ\"_oFYiqAFIAC#ag#vqVK8m|,@J]IUJP:\0 ,vg\0JҀE݄P7}*ڿ5NC+x-^k~Nra2;:A{xm7|v\'gsl^:W[G{Ӂo@3ɍ9Tmsx86oI\0|mbdЁqƽ9ĠJPq罹k5r?\\eaH]\Z)W1lŌwd/l=\0+d]V\Z]+NWJ(!	@3Xf%{Gp*\nCGo;P!{w#0','2020-12-11 13:46:13'),(577,122,'audit/log','xW[oH~ϯDJC]vZ			ԗ436	NcH6\\J0yȉE9]\\SbENTHp:xr6F-YT,xRd@Gå9[·iӄV}F!U5PJ\nX5]ӈt5H=yҬVI(g^=GMDupTQ~mE&b>]񘊧)\\<$F IUAn*h\nх\'R5U?\nJ\Z\\tÓ(Ys>#(_.͋*\\.زϖ	Z!)X>@nFZ:V-Mk45Mcw!2gh/&ε C0b!HN_j\Z!.Er^3w2t/s>v:OBmW.MGuEmTp+^3^vhr@/\'7aBDI:t|g<A}o:{p&b87N*\'B@ʽ{\"{:\\E8t|;@BiΏOpjuIn\0u\ZVػ汮AF#VdŒȰ#@h3A/O4,-Z9h#_U|gH̋E̋3N΂3q=t=(7V{:T]dxaV0FX%A9y !n˪Uﲪʪn)N+j06ڈ{>aɭן_7_ÇסU3\0?9gټv4;:L5*17\Z2#\Z+͆l\"|p|V\\̪s)]ۺaZ&mԡbvC\rTې\rKF	}9,M]w(;`x6[:ZȂjpUÆ7ʆr\"E/Պg(aD!Vr3(c[E.8ڍpRϳY}*-婴]:u5\'st]umW`2y؇fk>89','2020-12-11 13:46:13'),(578,122,'audit/profiling','xXmo8_a%&rM^B\".@HUِ6tCzw})JgyfG1QJ^jr;\n0bR;r+(2$+|Z̻a(ϐ\">@P!3\r89~$ ϾMmv0O0Qt`2lЄ.sPf(&VFcE*xTq)U*٬u I[M~Б7¼~v&LØ	i%#!_p72ۿe\'rO˲bdi:~ڋEHUIW\nQ{!};r\rep5dY\\,ʈ\\+8@wлt8naq޻\n+ȋJR[kd*p4pA\Z2W&.!H\\*pճ=ܿt=\Z7/-6pyOwixz:⚕C\ZZuUٓkg߽沲},0N\\9Y9=4o+<[0_`/5GfopN~n0|3Ɩ\nbsҬE0yssfx<^pJeԭ[]-hTzAcVW_o-CE=C]g{\nZ3\\m\ZpV.5ӣ\Z4\\g,u@Ù}SYr\'bmR)rٻl[^qk>gâAԄzSnBLά5# SE7k\\f}g>G]W1Ԗyś(	4+k	jryg5X L\r\n2J~\Z\0ql\\:\Zm0Qjc(\rct8oInQq\nV;2W\"EOtJWȎlk`A#75h\Z	\rLTԉ:+S<pav BBRtE}<h~<^}P\"5؛?޲&@bť,T>^pUeh/','2020-12-11 13:46:13'),(579,123,'audit/request','xWmF_a!E06&1ˋڦH^`{`;D;9#m/;۳3<3`So[7ؔo)Kf#/pq$\">5Iꃼc62@bLpD2n#,mh05l7᪽KBByIj̒tâ֖;YS\ZkJyOVh!jVͻ?6\'kfɞޖŐچ!xx3ZY\r\0+IZFA-&}hI~:>wORפ{8zLVi-MMGGj\\8&&Q-7pRKVk8L\"\ZoXnҴ)DTg;puX]$y%U-iI\\d	OKl%Vb:d$c_0EjEBEIG{\Z4XV \0!d@s2ҪHsf+ʐckdqA\\$Q̆ƥlPAgݕzj\'\nYU9>xעi7YWڲ\r˰e$Ou_^L#EN{JX1QKC7\ZR7\\\r%$DD:`кLԎ$˽UO).b_CxՏQdeD5%Ԕi#d%E+}^6֚zz(kԃwW+-J}Sc\"E{lUVU\\?Qc*`\Zm~~R{xoMJWQ9E1T 0OaȂdbJ05lN=z\0㤕IFqr6!/ xG@E7{>nƕk20UZYm(,\'~ƄPUSL\"\'+-dCS`>4Ћ}#3Xѫ4K)vZ\n8AH2,+J{Rll_a>6L8L0dMR9H\0`LCUV򩯿M/OߑDYh0qoK3*ı/rr\Zhd$smt1@sLNSk>ZBɈ0*S۲(:ks1kh\\F5-\Zr1r\n&sKߖq:]0t;@v߃|E/Yyb\\RkZ;<e`Pc7E4,\r?.!ip;H%)fIR0٧	!29)?WecO!&9tK`oppR֣Eip3 +ׂ縀\".\0!kNQ}\"p]֕ܚ﷡\'=k0xɣ3\\`k.9>@8r].pǯW<GtprǤWMzowR<{$tg	4dN<*8\"vMt]4?6)i0F[\'Z6.h\"eW]v΂;C\\T	V0ܪV-OS.ʧ .ck$4i?`8u,\0AIzQuKjOO|̓^Imy)\"u\0=qMГh]\\ؙo XRO\'P','2020-12-11 13:46:14'),(580,123,'audit/db','xXoHݿb/֤Uf%w/(L[\\fMA[^\\\ZMāyo>ԧ~˩NroUBSQɾgƣex2\n%E^D!2  VQ4f4$e+!{!L	nP뭡\Zڧ0Pu4g?QQK4\\}nA\'1<:XRJ(a!Wz|L\"J\r+jžxʑ8$QkEi\ZoR>@Rr}E0K D=AD0I5pt\'Xzmo0lgb-ǵK\r M\"p?fS\r\'eHN3sbZu#k$`[ށWڈ4}+7/=\Z#w봽9/\Z?̿la&[G>1FsKgd0gH#[BxOyiZ_y\Zr{}<~ΎZkw\0JjlS4+͠{V\Z0\Z꾧g臞qlxᜁ~_=Cq9g@4 T\ZZ9q\0O+5K-9(h!1żpcVܦ~1`ԴQShwr,XuM4\Z>MHPm\r3?87j\"\'@ F!nvn^Ub(MbĪ!\"b5IdwV\\ap;6aA{+bkWɮ|:9LJ\Zh<Da]?J+#PFVm[U8wpa?\'.\Zl^ymk\nQeHWάircμ>&6fIiCìބxDj(-nğG_fEU\'SK75\\d(U	_','2020-12-11 13:46:14'),(581,123,'audit/log','xX[oH~ϯB\"5_Jqt	TZ		x%-M)vҪJm\"s.߹QLԠ)[gO%8h!F[;tq=\Zdt}5tr{~QlVߧ>\n|L[ߟ{0Cy~yrߣXtȺѱ.a`fV	AںJ[]^wxIw=_E]PCN,4q8uַ낉?B)!Z0&̏#q`ų[voy[,M\nbH+pfu_ODV\rG%_ɚG~Bg݉(ܤz`.޲-#rr\r\"Jc\\Iհ$¹Zչmkd\rgG~ntdlϦxWL94Kedc㏨<j(օ5C|13FV\'7<˽E&@e;?	_-¯{qKsmo币o׶rBDqxuh䥃t\'	6\ZFcϟ:)D←W֕Y᪙G\rkqqY\0yBR~|RS*(3hot5]iCYd?ԏ	Vuj\n驆\"ZF2rl[MO4$3Z)O\'Z<ٿppb-BŽpq9Aoѵe?txGE@m6:R;	^fpjHbLb}(FMsVn[\\AZ1֌}ׁr`r7NWWC%;TUdPl.eR|LJӟh\'ɣe6,KR:GoIlZ\\F+_egǴ`O{UMVexJ=0YF؏[K4<֡JU{4l_YkowjHͤh߫}fDre	iBP#/Պ\'OC^</t\04h;$_!/?y(UDsPJ+@JJȜm`ĥݐ^ӽA\0,6\'|2o7HV)ռ1@ssf}U9^+3:)*ɆJE\r\"al!lYTC\'hl\n2D5@	Lkku/?sr>N(EmwH0DLS%,\09Q','2020-12-11 13:46:14'),(582,123,'audit/profiling','xXmoF_)}f\\	TT		{CbMt)6	a6E\"R❝g晌e}OΔqTZ#T[)S!WZ>u\rCl B1bېԝTiA=`XtBBCLyDSpv\n8q@L]f7?ܐo$~\rؒ\nS	SA0\'Zc !՛*NͦxJ\n_\\@EDLD$\ZS\Z|޸\'	`\Z5!|. k0>+\" (z\"HLy6t\'3n{w<tSaɛiKЊPV<w\r30MZ\":FDo=HݦJtXw]ADW-K)gp~N{sݳ\r1dl+*n3eW\0S9[\\#.LZRaݶVgx\0ďpN߳7k\r,q(K;O<<-¨Br`[ױCk$\'<?d/0Y:^~PFIJiZA+}srWGnlbt{χg5shvh熪\'\r/AO읽l%u<[Rnw.kҳǭ퇋tT7>_\nmwS~xTS(*J`tڠVjM]bokxf`U5d0=c3=Ş9S[=C5H>g Xn\Z7m\r@$|VċL8\'`.??ݯoi6yv^݌X68Ӎ{$ȖY<\rq^Ǡ(#H<5\Z |@:Cv*0$lĒmKl|$bIFd̖B90=p/N-X\\5\'aH\ZFpOjeEc(GZJnP:)G=\0a1zv9a4rۙ9~`m\r/|tڰ]\Z$\rU*nMǡ`^{uo\nVf[|$TD2>oh rg$^m?^p:+[Q\ZTb','2020-12-11 13:46:14'),(583,124,'audit/request','xXH~4d576ft1`֘S$plmD_ucf}X)	vuW hek5H㴯sZ#Qˌ8n	5RY>()):aJ_66:wNhq%l+8wQ힙g$|ÜE%wxtlgu\Zo1*-%	*RUf(\rKFG9onpׄ\n\nHz\'70(5Pa_3??wԄ\\hȏ0ZUY}	k&nPAbY\0^55κDs\ZGAR!%\"zss7qm\ru]_472`?.tffVFr\n>Ʋ(Q*E΢#w*2Ȃ/9ċx\n\'e\\*RKYT_ie3ѕJw%~W&$A6/OE8vCw\n*܅(XGvFA\n+WF*h\0u\'\Z˾BP)N)>˜,A3K.Mn30PCl{$3Gs	}wMOiYta̹Ƕ2$F΋g<&)Z\r&6{BIR+*GSlsPoxAhbiIղ\"x?,G\0ۇEκ&8lt_8K(Q-qLR}so`zxWvQ+l]\Z/~&ȋ|~pD>.J4+ih{YAm& \ZN	~F!|A[:fg.4\"LKW/d&WR0>b0eT䔤8x!.g)f0/:`JhgWr%nP\rӳe>N8;=Oo8c 7ZYyؙ<fyx;B\rkrm0;Z\nB<@;h\r6QĽ5JL7!%\ngʎٳpY}yr8%{M\'.FdO7QO0̩r)̉aKH搨?TASGڽNa-o1ێ5&H)cMR3fNs䯘.5N쑧˷_(1d+K\\]IRX\rc5.0KG5nlܜ*uBA NEil\Z9m2~=ЇuQ\ZL`;1pie1+2zx=3rf6FF~a+Tcd]HY}J>6}^-37!g9]2ݳLCǶRߛCp5q>;uG`BPu]KQb6_4=4ɿX0OU:aVNRRTHҖ*=wFȅ4]V,Y~[:h\Z4Tuܱ\"Lc	s|:C43*`hHR+[56\0SIUQԙ<p9tt4(>a:r`\'EF&Rz+$5^(]3ǋ`WOHCF|rU_g\'4<{R^','2020-12-11 13:47:01'),(584,124,'audit/db','xZo8޿\"Sĉ\'e,zGaG`IH#n.	Sli	nT*\r_\03%Q#jϐ ~e$I9v:Jw=;W|l,Yj3$Z\Z\\.p|gQD【,Yz3 ԰i#min6s WM!,DDL+\"\r:78%,`?˸iL#M&\rG\\_R0fB)fS|\'Y88wYdـ~2oET&Sr.8VKf˹4\rOy}ChBx$=i0^S,!0Xb̵{nm,uA9]S,Nq6i\"\rfOQ\\2}vߎΛ[IKX<a8?. ^~C#/fIDEƩr33s[7u7{csޭf*P~ǵN^vG8󔮨VGb{Sjf<%r{붔Ӕ\nr:sR+pAm}i/6:%8ê8⌊3]۶_g M\0Z4\0Bg]V#5-2^HY2q\'J߄(8bٗ$f,NgzaMH7R6Y$alLga\\;>Vj\0:Z{5\0xt0Ѵ@_O,2VZ-J)~ZjYiaWĬ$̀?}S=m7&>;,	6dXouyZUt@oT6mtJ1*!G@H0ȋcgkY]Utlh\"\"Xt;VXJU#UA+eP\Z&xG8`߲$\\Dyeq2yX\'RTar7*kFHhZcc<O%hyK܈=e\Zm\0w9;4+@?<@C{D~m`\n\rf\0;x7xSŵp\0M-jUn!xlXaX\0VEAOкIP\"芠4D^tE/@Цaˣxo⯀oPs,IJ~K%,jnbdǊh,[:\0aj7[ya\0D{|:4-\0Ea,c==fCy\\.4<ĳ=	J>rYvSK|yt=ri8O#h㩤_VPN`{}}?PQ','2020-12-11 13:47:01'),(585,124,'audit/log','xXo8޿y7⤔[wz$l:	إ%aW6?;	4nvV\"ub?)p#iiX_},RR,*a~\0~5p%)d4:>\'bt\'d6aFOKBC0TU%		-]T]ˉ]VphqdhE3Hg/<j31,ץ&^nFGEH.#/C`N3۝hLiP+Dݐ2lUCq{cKIPQ灻Kd960W\0i֝{)u,rCv\\+hq8;W/\\E4\\\\Ue-o#i9Gk4K\\?ʦ6`F5+G92=bj}B[ȣdqY!J?*Ώn$tiGvџ>\Zm<jcxS*AqkϰhWBc.aV:Y{BnޚFfE8jHoл)=>))H[uhtN]Ь.ecMP_dH,(/zd@\\\r,sdpˌe-p)M>C=P44y/nFsi&n[&~j܏9OAЂdn͆M$ 3bAh<aLTFk˜.VV-aLh5jm7l>u?ӧr`?oLeuW}v\"J6ZU\r൰	6ɅM\nAGA{A?!DU\0JʩP!إo1r_tI2؂%`B?f{G&u5E8v<,dT-3ոNb\n5R&eBydo\'Hb\ZƳ	TYW=:6)k6mώ||x}Fzy@[w:;_Gd1 ti#@\\\0c&=׾;\n&_;V1S\\gZg^\\dPY>dRT][VоlP^c2֘$/6X\r&㾓!Ja?t6t3]/,&i*[[\ZxZЄ9^xj$=E[Eɮ/PABѵMcp\\2me+tEMD\"*	i\'i;]uc\"{=8]C484((띆r?N6řaˏxFܯkRWe~dE{7\\*!b#%','2020-12-11 13:47:01'),(586,124,'audit/profiling','xZ[oH~ϯx!Y%07AM@C\'[lm*}gl@1BH9|2̾LchVCU\rbFX)^yTcCU1\0*Ʃ\\K5A}W酔BVjOxwŹ2!&8dJ08NwÛwSnB74\njR`f~YѩB]3Ab\"H2[\\JOKH$.UVI+qT߅USOq42KiYnajbO͈{4qs\\Nf4Jgj>S&\Zj׋]\nAE@U#@F,F߶?*fSi떭\\v׊?a͜U\r=ƾLV\n&i0}_R,t$c/RׅvjZ\"éSq\ZWe^[bڊ#8!N\",tyL4sfvKc\ZŠk75$ͫWT.,_~AoQX\r4Wfs=7t޵ZkcdC6̍f*Vjq׆57RO叵;?$oqe+-YfbT䉜&vumZ4~qǷ\"wc~|)Ȑ7E8ՕWeNۗug`@Tr-836rƮ030g@H\ZPZ*\"y孚@j4&ng\Zh{ҟW #.\'\'t|q7s|0=Vru5i\'h|çJiTōm+. p\nČ\'ybЕ\"D<x]jUe\rY-4CYWsn|95a_yǑ&2~U_5_V-:\'e}*gϊֺ~Ca!}`ltC5+:x EPRtJV]Qt4EK4M;Vw%d}8|#?{zQ){<t\nj6aN\"\ZdN=lJh!ax3{YJrp m+zb7JeVzR՗Z_±yE6%E^ǃ\nRhGV=y4dKH^;34@\0:\"FrY7\0\0$f\0wnLŦbkCOBHB.ZBձwà 肠\'h4A]O\Z\r]+\ZZ2S{avul84JIɩA1\ZtbS~;>S+:DdOXA\Zh+_͇0{9^bCyhC~\'\"܇2/EVW;%!< d$]d	2$[;E=S=hX|>>>Nt!','2020-12-11 13:47:01'),(587,125,'audit/request','xXF޿B*:ƀԘWE{Kt{gGQ`{~3;RyIZ[nPiTN<eT|\\qj-;f|P\\4ZCqXy&ІA.Ipq 3>\rbǼ|yRZnK|hqx>X)7-3\Z^33}Go}D[*rk5%JBVEa5\'y8މ\rʂ(d?Qxd)c?GzIgkp<5!:8\"?WeFV1d;gvBuczܾ!}Pp\"{TeldC~(Iqv3szu؋ d0\ZөٽQ\\*$r)J-M-uK\"obIO/oȜ/r)m,%W<%e<\r<FWMMW\0~~%Bj~JN)CtSyu8Z/nv53EQFp\\gY+K⃿4PHT\'ֳSueNO~Q6~n9Oh-V͒\'e<ZLϮ\'h+5jElB(\n(W2(cqw⠬Rڄ9hSeyYh\nt0X\0з\"5\r&;?u^r\'80^)pLR}s`zhWtQ;+l]dχ~&ȋ|>ϒ`@>.J0-h{YNm& \ZN~J!lAS8GT,T$L\n/H{d&R >b0ET䔤&.4R88*`(hwD?f|OH=ї+{m(MQcx%p	\'#LX$AKIb\Z<E̡4RtǾ\\pM\rZ+/FWR!xJQkm!!{m兂rjؿ6q@&l]6tǝ:3V\'WLAkTp@5v;4}gp~jnLHkuk_\\ڸ?DݠʹUtzo\Z\rٲ;9ڞ@MmgؤW sW=ױcT蚻=˾%O{}Qbb^\"l˱ے+r2]bHg\"\r]slי1u@KM~kC~ T$2E8\"5?>ڥ{z8@M5ݩic؏aJb1+4FSat\"@[fJW?eI͘	쌌ȖߕcdHQ}\n62|n53W!g1㲂fike9uI?`(;Fkb\0>9\'TU\"<%(Q>[\n[t3MO	M&	S#l㳔(\\ig0cjw	=M7B,AVEȤ*g`uVawNŕX6\',UQCcػ@Zȓojb.QL\0Qz<|0up7<#m.咁?U3J[׍*u|,}A	GAw@ۈO_. 򃕴䋑gK','2020-12-11 13:47:14'),(588,125,'audit/db','xZOH_zQLR%\\BBG:ݥkHA&b;y;}bWl\Z8&4k囈]BŦs*MnZti_I.z~2a\\曀\Z\nLS~߻7A@B4hg5*B**#Ks UML[LQ4SɤrGCoUGa\'J\r+*OM)r54&8e&]r=\r4\rG$q$(Lfa\Z4?Ãoj\\\"!!U}`\Z\n&\n<8Lvnڍ~é[vXe]ٮd9;q?L!	{,4{4\rح}6ZM;#\ZpHA,2#~boQ@xrK9xrڙ7tj_mXFp3vK|(>ڰVɕBQX%.`6,6u$<פi\\WVei:rD%ԓ\nR:xr:TZv,T3T\\FQ3QԌ5c}g Ebl\0	]ӕX{5h<Mo%w\Zh{ҟOeQA@oc1>(II_fvt8dVot,0|,\0e`2`\0te	*P9\0	&,8ՇXzt%47Uu]j5c46YNn>mƗS	Ϳ:Gޚ`\Z^5mGLBY+eTQIZw;0M(ׇ{43\0-% {o\"\0WՂt~PG\"Ejtܛtw,1oKp~|{zxcN/@/{G z48<0 ÕV;Yrpma=&z:̓LŔ\\K?&k/>gdszڂ</ڑ3@ oh/jG\0\\\0\0\0Aڿ`\0\ZVwwwp7mU(\0\\\0xg\03関BQB.Zٱw,wa |ECV!LR@Yjn;@@k*օsK]f>Y]١cw%כF(uuMA%78\rraƢ{n@mǓO!av>9JyAF}[l2==a	N0<.w_yyoM&#H^T]4 T+\Z\nBxB{&_','2020-12-11 13:47:14'),(589,125,'audit/log','xX[oH~ϯBJ/b%8mZ=!Bm-m	&\"}	b<~sfTZĞֶi~\0JPI5#z;o&ne/]/0WVQ>>Hk+ϛI7\n;t)dJm*-B$Ґ\"a)cY	2ڝ\ZH$25Ţn7ge߼y5\"NSO\"c5W[NE!_`ґ=ܳoAIQ%GmX3]-20]Yk?<xT$*n?b)CLz]]\"g#`|}3;_;*,4{+~*DxprpUFNYհ9\Z7Ѵ\ZMdA40 [[2+(Ƶ14]j:/{F\'fw,fi{Ge$;/汚&Y\\ōniX\'7=mn&\Z3OvP\'ST6n$>#D}h3\nL\'ޓrָ+-[/gQ-||/\\Ro\',w\'W#2:^j]YdcMߨeI[F2Dxn1!H`{G2E2asW?f$,u\'fv\\}{cDuLt3↨5Dx~`౎,\\B(QBlgEZWPĶ)+KXbe~!HhIf%_ؐ9QoJeu|8HxlM2e\\Q^w/3I%>@}A(-*h\"Yp7.(<,TS#:u\rPidDD;Oi-<Y^{*|Mp;9έ	de)8z\Z)L֪&\\$S0^d7k8h?rl?ҙ55MHgg?e>0HG%IԶ&Mco96xn^֏ӯ9nXSp6.taIlYC]2rٮs:\r4gPcDlOi]x]L\\6r>)dM\\TW\r<\r&YU\\=]\nQrcɐ%OՇ\"64|I,]\nxZo8Qx!OV2`k!\\Z㭑M8_#i.8#4\"` `Yx5\rV\'<X>BPG$P~\rm~7mjE_˛3`K<ӣ_7Ǌ]灟&b{-\Zt凇<~','2020-12-11 13:47:14'),(590,125,'audit/profiling','xZmsJ_N,xg!mzsgVvb;w4UIy{,&ka44<\r҈5Uϧ5PTU!W8h\\i\Zl9J/D6CZ;	u/4}\';f4ܛ)\0W>lͰ\\4Hdckcvs2]lM2n13]JZnO&4pè~C]ûL<ȩ6T2~ripG}3sO}eR`|d6IUZJ$.	Dr[?%HQȻH2wq޻|,\\mm;p^VI4V\nr:mJ3v:జ(3]sʙrg3	aMmG:Sfӯ:QG6,A7%8l/HF\nF贌Q_?o5\rn+\"sҏ2lxm6(N]Jo69чUg:L\\	:zni\r[\\BA\\ll>$O^r޸5[_`i:p=}k1=>dH)ultNMKս\n혀ʇ3QsR2g9ccزP 9:uIc\Z]Rp0\n4s7/Q84q\'vB]D)WzLi%8iS\n&\0؍].=x\0	sNd<JhahU_h]h%kC,YAw29[\'t6;Q\'5x[%>+\' &x!lȅ\rSaLYZs0\r\\hC=ڠi9@;\n@TT$ \nehƭɪcy[e֘ͪ);=t`^<v$~ᔾ^Ҩࠠx`@IfZwtV`fZe!jȥ3)culy~5@Ȋnd7јY\0z\ZR\0M@ֿ`\Z;)w%w5\nf`%w0ïRYel!dcS8߱\"( ̞X&2A	Eު,+e]&}$h	}MeV#7^F_i&%)֠,`e|jBʢV@iǓOI!!\"av>\'xa<@uziEg1ym^Dd2^0P%䴩\'ĖDT$B<>>$ts','2020-12-11 13:47:14'),(591,126,'audit/request','xXyoH?Ullnx4Ǝ}5ɨ%|G(|Vڕ\0^zQ5~\rͨ-#q^k#C0~}\rQ0jymn%CC6-΋;=XZ\'yQ#lQCiX^#J|Q\"8K6a!^mܻ{Qls0\\4a֐ܻwhxE#Ls:K6׵P$]h:7CKlW\'q#5&8eFF_0𚺉OѺ\r7`#vV4^@YyqPn:\\JvuIƫ׫azXW,/LUT|q8)KhZFm$h2I\')+xy$ԷYDs$aӻ̞ݎ.4R|U%Z6uˊ -gˎ2J\Z2D]Ӗ˥T@|Q܋ȦCFU%$IgdUdT.O}%_0XǣyV;o.6USkH\r&54UKzSɓᣤ1ަҰ9i\0\nzH4(8$\0@eHK8fWBl\noc89(iע&5DR|)<M@:d>aHs[Nlqd]P%CȭpiQ\\Z\'\\쌓z^$\"lۡ(X6ehAA(3{&%lKLˠ/)gEAf9.:sW+pW[@*˪4=]ХVt]1RԖTZ/\"u)\Z0V S$$\nC0%!kOO\0OVm.Eź÷;$iI-7a|){Uc4@ˌm4(w )i2hO7X\'@˔\nst=C3F=+\nɒ0:b0*J0/[$x&*D3p}z\ZK|\"3*ɧ[h)Sos<\\wZ)na7rJFUQ?ЇA&/R$2IKoЀWZ	w\nD<2iZ;;*-O2**ĈͪDe/JXVyakf;?9C$ѱǶ5ZVa\\wch>Nkfʚ]81}r\"yA4-˞ig*.57ǫ?Kg[-Ӻsd֠U9}pnM&Ÿuy._=!	G/|w̮g5wlinuD7q>NkS9|q/<IL	\n0V5HHj\0p1^t`,\"y5p2\Z;I{alY|O6iB~IH@W)2n\Z/f*CSC~DA\0Ciw3%!/5sQѡCw\0n\n4?Tչ:isv+\0Mcsd]O|f-WL`9h݉5L&.k4^S3gg`:v{f\ngU{tfn2uAsAo9(νʝgR0𡑮W.\"Eӎسΰ0ogjk;=Ӳ`X:hZe`uܑMX,;0E8_1ז{-uţi׀\n0]g Nr#{NLP0|fKQdD)=y&N|([Ns}I	#}۽X/=?;G1Y3=fot;\"id}Bt\r1e:}}$5o2ǃbYl//d;','2020-12-11 13:47:15'),(592,126,'audit/db','xZmoH_a)\'isG᪓7lSVﷻ`IZW]d=3f)4M;M%01J35f{rH^gxu~Zrdc\Ze	؟7!0EQ;C/M9M|\'jB4c!D͜5Y{%Ħ|LNĪ)7٬F~4nO?wQBFL\Z>)OrjM<dAu6lL3@Ce&S/MRP$#)3!\Z4_C`z1\rm/c\"\0ԗdLX$Ec¸;vnN$r?NnmΠo]uumH$,(G^HM\nyۗvchzK\ZM?θOSo,8	=nq*>npeukyUw_+f)Su̧ܮmk`uzo\\%\'>qĕ#uy0XOu&<wiRVKswowے|KYN GJٮE8Z!Զ*v`F/)g s^*gT9ɜGE%D{I9+. Ĝ۬RxyJq`߽{Pf44IBڎtZԍNI-\Z.jR\rXz]vOa7A*\0^\0 dbbv0@ێWFK]ʵhkUm\rcN6Yo\'ob1ahNan+Jg~(UQ8`6֌v@!KuȑzDLty@\"BnM+\0	FUUAnXkW/˶WZ11[5Y=x6-ӏY\"|/ȧIAIG[9ȥh$).QpiTLyjĹr.߅cyٗ)<ք2-zz@eV	R`h|@U3@tc\0\0EZA>0#C+V=uU\0{&`1\0د06:\Z:UEvyt<:B}p%4T]%*AUbU41NMf>{m\rU3α˸ec1{Zcrի|v&\ZP%qK4SXS+cg01-{iԢϪYO4Ir~Wjl+}rPhg!d \"B{鐂TU@hD11ZPZ\r[\\ry\"\n%1d@0Nлw[HѠ\nܠv`B\n6,9m\'DJB%V{1GR	QE?_&45gb/a}h','2020-12-11 13:47:15'),(593,126,'audit/log','xY[o8~ﯰx];W\\RJәR%tG+!4[0IfN\r,>T5;>K1RVBsbBTR*kb~DW6ju۷7]7qg~\rY%srP>yѠ~d>Śk\rEZCEк\\\\]0a`RwgqR1}\rQ3J=MGT$Iv.E^ǰ`̲;0ۻg˟$o⦩XElI\n|*T#rk1*$kH#kT%)h./dGQ8O?M}fͱ7\Zs!㿶<+hDiwV\'ʹ\ZQ5\\mݹmmGoԜVc{u?7L94K ʆ&,JV+guZo^5ݱE7i-kҏ8	]a*b׿6Õvs~^wvn6Jp5Q#t>~m}}砦T>-9?F^g̊U\'	_#vucjMTL}|ͷ|B$7\'#lu85QuVy.;˲F2%^24NxA\"gd|LO81͆!c1%͘?e*̛%A6OqUOOQ뤆TLvU\"3SVO/ *c[Ukʻ?0$kqkva>u?f	?|{}IU}[}8%K\rAB؀a\\`%h9L֕Rr>\re\' rܚ|FH*)!fCȓ^\ZV\"M!KY;XU,)7.a8,6#\'}J	Nw@q[)BԀKR~\n~݋lx\'D-XL4fgCx&ݑ\0a=R}~/t*N@4kz^eĳvIVM{~oy}ƆGUn!ԹD:1Q$Ѳskfi\n(xkC7rFΓRъ\0dg<.WmGݾ94୩{-.KɄ%i.\ZYjǵQUKC	dIBFW[fZSG͆B9UVî8T\ZĐ!)̀L_j5 H7:`ޗ5$$c^tK({_輈75M@8p]{&7iv7^@`p\"Q$\nOqtRMDInYUY\'a~q%a)Yڝy\rh<zZ/)6yƝ_l^ٸnmz$b	\nRG3	__PB\Z3TVkˀ(Y@84؟My6e\0Ui2EA','2020-12-11 13:47:15'),(594,126,'audit/profiling','x[moH_am\'9isGNBoaڦjZ\Z@:H!23<3gG1RVBcP!jJ)D*!Aj|!֥wJãР_&.\0BZNXDŹ2 >!Nh8\ry!\Z!6L)´}o-1ZU\Z5Lj&\0DhQUm&~JݛLYI}|9\\:~dTUm0䘌	0FR1{9z.4\Z{i*g̶\'R5D+gV\ZOOf  \'a5-E.*@,yX8ov[iu۷G^+,yt\ntC/)0eZS#Lu0.01iL}L]mzG\nqMݚvލu\r:ֵ*<)YQ6~X=QҾ;-bгҚݱE#2a˫D.-_~s#$VTخwe~#Ug::֛BMۑ:b\\[Vjw߸JS\n*<pW`u.^l6Dny\"&opzk_[͇6/QT޼oS=z/e\'9)EF/өTAu}i;&`LqH9s432g9/-!drҀ:_tq웞]8SxUiʒA`\"^Oo8i6YQ¼վ*VS6&AXAT=>UPG5h@\r{xuz\0gA@LNZ=yqXXk\rSorkg4-0+p3Ԍu7Ⱦ-<&,>#a87xXcWuy<kl\0BX_\nAA? ҰN\nmșG(]\n:{^GE@jAlAWtwJ+MXW/W1⍬1Uy	O ^%<,	a YRDpXP<p\"\ZxV<A4%<:|2Rly5 Ȋnb^0ј9\r[UĜ&.	]z!\"mA1##Jݙ&@*oPߊ[&`ʊ$>X^Q+d䲃|d/BsFG&h]&2AUT]&=$hk8~_SwVϞ7\\Z6//sN{ux97xƲIP:2琫ὧM}%x̒ZRu鸯\rkęT<*L.\"{Жt`%/B+(ЂC+G˒JC&<U\\Bm\ZH&DB@C*D+tCڎ9b\"U\\P=υw^*g7>(u_Q̯mN4Ē_?_&/r','2020-12-11 13:47:15'),(595,127,'audit/request','xWYH~_,4k`Y-CL2YEBmhll \'N[݀aWڇjcCTk7z!\nF#/p˭$$^dHb42qGbDpH2GXZ\'yѠji^&		.\'YH\\	g|6̫m7ݞpfn[x*km]\ZyID7$䆳Y%\"B[9/qUp+HZ9\Z~]l7MD.$Tt}fx-Od4^5e<Z$l}nri޵H$a\\Di	ԩ Ot7`jS$o!IUԦI+H\"KXYFc(B I>DA>磹\\wܿՅN\\R@ZWVԎ.YD=ly˪tK$(\" XQR]jrj]եhxA%,J6%^F9<U*$v<AJWjUVuq:$buj\rgHaJ\05%HFd0\\g)nMb.]e\0(IHj%h	۷I	g!T>M2=h,٢~\0<@O5R,RiEiQ&E@>H&I*U}\Ze(5okrb%EN\rU2N\Z1CuD8iE&oSMnpo)EOW[L?t)R@-sZM9i}夸-GKvUP\nGqHF?#iRum*s	%BHF9-)IȲb4ȫr/.-O\Z(\n(wTaUZV/+0\"\rrXuysd\Z>\'cҺ9D3_ad\Zô,4,	g.hflMr~abΆwahj={rl/Ț6\'AP4euMC#<su {ۇ\nyk:}ԧoHw⎹xgA.i9g3z+ALˣ^-2\'x~96Pި\\pB! qd\"\r>Ko6MhOv9-Hy\\`/碬x 8g%cs{YҙKm-u,\"p..ps.ԌXd<\"p~݅զ9Eߦۣ?ǑD蚃.u76X\nS:}&@y{\064S)U^IIɀ`yd~3[s0C:O\')&Eʌzkf30-T]KUmM7#\n;j6T)+,9fCː®0uΓe\0o<E`bU#hj[ĮVjvG\n8[= .RG}>gdwr\'6JrK,qOU=(\rYE؍hPiWJ1Yx ۾,/y0D','2020-12-11 13:47:15'),(596,127,'audit/db','xXmoH_15ia`1nµuFpo61)L[v\\΀n{oh\"9xHf RĲ޲LR~5$*_`AH38?NF68GA,ӕ\'uCېE\n$*gDBZt%$Q7 :*Z\ZԠ%4,)ф*n9F6],,}%F9-ig6Ū[JD17$ܲܡsfw,)G4\n	H\'Ui\nNuH4B؁J}C0;UCHTUL\ZL]5/O鵼xd;s0rܑyey\'q4s7Nk<</Frb[kԷ\\4*:)a)}peȊz0I҈XYq[ywx0ڣ\rSۼ!Qaqqkt~o<y:#6	2H5#BxOueZ_LGjq{=PzfN	PVJj9@\ZgՊ\ZP\rE0=3=Ş9Pŏ30R9զ1W\Zlk\0YWj,s[-3a B\\A|G1݈wI琉,7s8lp8`tO@J\Z-3?j(\"BB\0QuFs+\0=0[Pǹ˧|FIYVK&g&\'N߳	4ؓVk\'ɪ?ج\0@-^w@/>} 4]Q\r(RL64,cT{a(Cgc}C2r,bzPF\ZᄊX+7!sYfAEH36Pޅx`0Z܆1_gAU$$ߊ)	{A\ZF)VRy-	E','2020-12-11 13:47:15'),(597,127,'audit/log','xWmOHMaUEMHhؽ}E\ZiKqר5s9g<%EjKgΒZǁ\'p7	TR3/G7z0@jh\nΒz锅ikA	MzQ8!%+.(u(UAS۲,)\rEZ;u8ɤveԚbѼg!QÛMO2($v:k,^ȸON2tS/\nsZg{O$I&CQtȠaR;y~=I \nrgJR2ZsO$ٔ:t:O;*ܶK%+XU4n\Zg KaFC\Z5Wtِ$/L<K\rN2+$ƹ16=lj[et_qYR/{?ȷFq\\M,[sV_LA=>}s/\n&\Z\r3̇ٵ:=u3Gk+&&\Z>^1VHe&𞒛KJD^گB5[8|Eԁ;	;<L:]SK}kR}Xj$\nmve*1nrOh®E2aԣ[ӀwQIW}pm谞x)kz!e㌸Ǩ.j!\ZBCw0,c\'\">E$JDֈԏ^\0E1#smU91VT(DI^U\'--\'=XNa ̍bTLAU9\0	MIl;l\r42!aI&;\rp(I6ȾfBtFiP{qBO,ʕ\"U4\")kDCXӇo+cIwVlf\0\nRY<}XlD*V=i=8\'qCڒ	MyXM88P@l n;%AP2`Mw]J#Dl9y	܇._A1K\Z{*:9?ĦSKk5e 2.}FL-[nx/uDۂHiDW;[~ob\Z\Z@h/ge4MB6]Q Iڲ\r<`ALna>8\nt}sY%ET\n:[m򻏉U^ޏe/	%Z\r_{Mi\"7.a','2020-12-11 13:47:15'),(598,127,'audit/profiling','xXmOHh\0t[M٤	P@ޛzU55Ng)_sJ8nD!E9UTD1!.sRקP_#0B*,pr4IXPDiBA4/z7\rp1DrW)TzI86hM1!5b(\nV*D犈ŧHtxN|R;i֙}nwE<:Xsd%L8ET\\/2\r+:cvpb_<垂祄֐t0/CCT:I.U\'L0QRdv\Z課U $\Z*up1g}>N\r.68.Wﲤ^OBJ?/؊]XB,0\rXuk+0&PVZLMmk`=?͋K\r<>\"pç\ZOg8i[\Z1VM\'c,cIB?Ღ^WF\\Yܼumι0:i{e/~]bÕmaѰylƵo:`t^yo4fa6\n2ÓgJBxKui6F]*Gjn>/*A)MR{0hmj{\0T0w3c73v3ٙsgf(ׇ$\\bh[c⍞xf\"gbŧ/fn̊۴2,oʲ~+\n։ݷ=-6ɟUH>B\01U4\nU9=xME>[ozifyUVK\0P[Hܿc1\'ؘin)Ưj~-z;~t6&Ihv551=0JkLӐE5Ӛ-ӈLQvTQFtړWA_OLd\0/\\dq>@PU^1\'\\o9=W#\"-ѻCWߝ>i\r_ğE_޲$,D޽^:ouhQՎ\nrS7','2020-12-11 13:47:15'),(599,128,'audit/request','xWmF_a!t~:fyQ\0$*Z܀B$3U[fhFcٖd6Cfr2+H\Z @|:,Ejq7l4p7}cByHj_j[DMpzgQn83IvYs^_c|Y4^B[t뜋8\r]$)TFN9&sBaG*X>\nn3C<gJ*im/LU0-r8ڐJ.,2ʻ8M0ir{#:T,.ZmtD#e~]>磹\\wܿՅ^OZWVԎ.YD=ngVUYUItAuIPOvd_պD}kKXlJw\n!\\ɯ2xT$Ix,-7%!ϣm@\Z/VOwb֧jk\"lR@t+2R*q|\r=!g:N?4LaI2\ZK}:\0\rNVT֥)VT%\"jR[pCq)ɒ:+9\\tL0%mMNr	J péW8ӘU&-(ney&o>hrC{x%(fRcmLZny_eY8\0~v\rZ:JTS	sMKk~(I/<A*>n߆QhOʩB8)ޟqdۓ|,+Fcҋ03Foe`~&Ш`@YP ˠFkk\"}_N^i9on+cYLo)0\Zy|9үZj-p0aZ{E&hfl]:~abΆH:m3Ӛd1;h\n\\w1:f-3Y7z9I׷q;>}{ah1HsZٌˊh+<Q8Aǰrr<>6PިXBBO NU|\Z9}CX:d)_\\C<-sUзXg\\CA\0+Lh᥶ҖuOV!n8uNpsh.TVd<\".yU핛f}:OzfG#\'Xkzހ\\ݷyضWXv_O_B~Z#T8}&`3y\064Q)UZIYɠg9Ig\'~\rT*F9m(%UhNu|Τ_\"4ޡw{9Bg\rǼX:XZVQu)Fvr>S2E4օ3b:A`21:~ y,o<E6\0M:]Ev^4t/VnOG!\"Tua@76݋eXy\0qF	8v\r	(}Yς\ZQ)݋ёgr_.X=<ԅ','2020-12-11 13:48:59'),(600,128,'audit/db','xXoHݿb/֤Uf>KXK[,nws	Lar\'6nJWlD}/Xi}nEXf/~%38`8.mM\'\'0*<쫋삘\"XXG<8&I_+1TEM5dE2(+hXApe,\\G*e=\\hYkt:)Y3]JXXD	UQ}nhᒫu[\Z!祄Vs$I*,4_}$Cd _޾\"`*,`p<Z=kl\r``wvܩ9]6/-4ɋDI%$S\r\'ҋU4HN3kjCsck$Wpށ[UmDuń˸nsG:l֯G7fy1	&viQymtyo2}<#F9L6Rޓrgxa]=lWѠZn>_x?w\0BROrzԩܩ\0Jijm\0k͠{V+h{lh*gzơg<3^8ghZ&zπ*S\Zَ5u\n5KW-W9ͼ(hɯf1/id4;9Y8jQA{&Je6P]3=8\\j#\'@e+FvIЀ۔Oa%TYB4ʫ#Ր\\e9gF)\r,ܓWk&Ѫ~\0sy	6[/I}qj\Z#.)km翢\ZDET;P\rjE\'EfOMd?\\e.eɀJȐFibFuIA\"9WH	=tHk4ȊId%WsTCGơCߒ','2020-12-11 13:48:59'),(601,128,'audit/log','xWnH}Wx!pwX!N,&!M2Lj3FIA:]Ǆ5X%IbxRi1	n&aTerpί{=&:e/\\/0V1_f}[x)ieX4)+YCIlX9EYy,\n~C7S,ra\'S]m~7ϔXB.ozQ(1x:>7;-xr|;I2	H*hyӓቪ$RRȥ9y3tv9egwQgtN[4.vRKK1=mʿUrBU\\\\M3:뫳jVg7GCMa!Dd>IcӉHu\\Cpɡqn~8ӞQЉ-ypw_qYP/z?Fq`\\M,[sޛl6WӠߣ\Zõ_@h0fv\\X9*_7_05Q_4\ZQfH)ٹ4Rdy9JTK~mPz;Gy8)eR۠tjjVwmrCZL	4d2ŖUMc8BP<E\nY\\\\7$<u\'v]}{׆ͼzUFjQjI]HD:c)LiV^\0beX+r$!URZ6vK}g!S:!wS|~$~Eۅx\0kgcl9[G{!&Ɛc`4Bi0y	LԎakP|:^=M*=j,W\n-iD4kDCxӇ+Iݷlz\0RZ<}XlDJV=8!mI݄&<@lCcĭٗ8Ŋ,(\"`MwJ#b61=\"wJ3]7rpIc/ZC;V\\b`bө隲dMUU.|L-knd/u_EۂHi.wRO_.5drEj43}d4Mc,wgGa-Ո$&n**%M$xI\0Mq*DBCژ46qCS4WTx׹\\Vo>&[<z{?s=\'nRN(k&Q>Kq\Zi\"CO\0ߞ{','2020-12-11 13:48:59'),(602,128,'audit/profiling','xXoHń_lV`PKY%&0	v7oJW޵D7O1SBiv\'u#$һ9UTD1!P,)q]srS(ӯE|EB*h(cI\"J\nӜޤyћS7viL\\	? rW()TI8:hU>s!5b(*6ڲ,Co+©\"Ru4!JXtnYYgB%%n0*:ytLj/nR<J ^&;br+:gvpb_喂祄Juq(]CT:EGT0QQ\" @Dt]Ŝ#8\Z@4t<^˒\"6K|c?	)d+rm`iJ`Q^\0ui+0yc	L,`j\Zn[\n^돆36/;4/-6xOȋ̏yx$=_I:ְoy<jg2v2,tӧ7L֎׭U%i+7/q]s.́^_G-gx6VN7hX_~67s0:@4Լ7\ZӰVR!%vܺ4={~JGrc9{}z?gU8RA˩Zf(̧=\Z=C]\'{3MUU0)({$ж=xf2gb-ħY|gn̊2,spe`GY=-6r{2qf9|B2 :@LFl,6BUy񶄪?KhlWyR\rɅDL.[}Fks\"\\Yfᖼ\n0~>o^06)M*C᠟/)1T1PZɦ!_S5Yj;ՈR=3E~?1;ٖpӟדHV\r`d`zFƜp=u\"Dބxh5PZ\\F?fE$yE)՜D޼p1td*ZQ:_\rR','2020-12-11 13:48:59'),(603,129,'audit/request','xW[F~ﯰVm߱1٪.\n`bdSEB=c;ِD{flK.RZϜ9s.΀\rQ5f4η$o!_rCF^b[I@\ZАrhdňdl(R;MAdӰW(qĄ`s7$.3MQy-pw&a?p(7yKVWe-wW#o:irQpCHn8k%;Z[h+.us\Zga|(ȡ.jb8\'q&1OVhwb}^?UZKxgpEһ]ɥEZ{\"asM. P<эb	tIBn䕫$.CX9].tZ|BT%кvtȊ UWqK?ַȺJJg\rK|+յ&%X]KW(`^BdS+eJ~S\"IbgtUVe\\h)	YOl\"_d\Z\r˝WZQIF2%\0ϢH\r?C&O!G&YV t[aVeh	;I	g5M2*hStRK3V\"jR[pCYin4R0:aFX&\'vYr]P%CԫqeaKZVYzD\"H7j4>/{AAov~lS#V[ěrm=Z Iq-GK)8 c.\nK#H{ԭacvqw\'lJ\")l0Rv&ˊ\"\"Ϳ02Z0?hT0|ZK(ePcRAWiY#LϏ^i9oCErzuy|9c\rZi-`-\raZ{Eʕ3hflM}abΆHO1m\ZӖc1;h&bb>t>Zg.[S6>n9G}vJi/h.ێwFtI˱=Vw\rgu_Umq9YcE`H2\Z$_gIRm?٥	>Uɟ|?K*&ik鎇3ӃiA\0#*LॶҖuOV!o8HY9VN^_jOdElj̜o裞?ǑD蚃.G/Y䗮5B\'`\n=Н`CY5p$<ϘF,p^%r@ybt>II.0(Z0:ޚ=LU9k8\'egeٓ*GM7烜\nλ9W)+,.qE3epay:thP}7`bU\0#hV)أ^	m/QG}>gdwrӨ\\bcxG	n*OQ!O?Fpٝg/\\˫[7Nu','2020-12-11 13:49:04'),(604,129,'audit/db','xXmoHŚc܄ki{	Laڲ+6hWlvfDs9oD!a2rC3KlͰbgg%2syn!\"  Va8f$H`ג+.)uUQS\rY*ꚢvKhXBpe,\\s*eXth$i[xw:)d1]JX1ea}nh9[\Z!seVq$*W4_C$CIj}E0\r%L`j`j\ZCw\Z}?LqGY0ݘD;~Dz\ZɉufMQ:uЪ4iw +UFYa|r\"㜁9tN|x0ڣƆmfǵo:p|^T7<p83Ző-.\'vº4k-lW.QZl4^x?RO2z*)JjlS4+͠{V\Z03$Ie3C8Cxgp@Q#ŜjӀ*S\Zlk\0YUj,s[-3a_E1݈I倫4Z9Z68jfaN;aqQǠ	5Ԇz[lCLd-HD	D\'(alt{3skhf\n%TYB$̫#U\\3ZcI\Z+گh?}Ā7`36+f%l4և>W!IK5ն_QM3Dq:P@y=/B70|j:$-x2-?`ꆢ1BE4Jҕ1$Q\r]A17f@ET@B]ywzz4j(oØo?s$*\"Z7o+E\rWnBqjEQ','2020-12-11 13:49:04'),(605,129,'audit/log','xWmOHK52M7ޔz&M\ne^^zg/x\Z5ٽ&E`sy!\"yJH$Μ%OFo\"f]ouB%)xe\'Imy:t pBJ%W\\PjS\"\"K\rUPegCP8>n=ZY,,Qܜ1~x	nInw\"S\"5w]nE!_A`ұ3ޱo;IIh@mUA3]-2hN~=pO~))R,9:;EA*(I;sw66N^jDD`\"+%WŒ,j\Zx̾ Kawk<2zt`\\62,dC4v0$/58_H ,tͳ8ݲ.Ӕ˂zA6jdyݙt{\n??7-b\rDA0kFQppW2G\\VҼ2Jmrf7jD(ã<AΔ2]E:uPhJՏEQ~!K1bU\r,s4FPˁ4e\n˄S[o_#3aNEٺ3\'e>B_iz⥬酔=֏3j\r	]X8(\"Q\"N~\0Xג=2ЖVSQu5j*ڿfQ\'yQMʊjk8rB9M`=17iEQm>-b\088pg$w4944!}a,jV\"b3N%jOl6YVh4]\'JFcNG@}JJ!!Iw,kC7o걇;+5I33I	DU)fY4>T&7[sOpNIiiAn 1{ĝ۸$8Ltf.TlYCQD Ҙ%hZ7r~2/m6ʮN\"!0o9r▼.ȡt[0\0?j/xGܯ`MRCVM Ej3cl4-sl݁9t>$\ry(^M}>I#b}c ?QCr|\\~)%d	5r%aI\rM$ChX','2020-12-11 13:49:04'),(606,129,'audit/profiling','xXmo6_a%&2eK)]Mܖ-@.W!m\r鶾i)999~ϩFiv\'u#eCusPb&uC\nH3uX8˥OLG&2P!FsD8:A$,(4 ˿u`n8M+o]\n9EJwQ4	JMe&PT5YS+«\"Re4!J?wnXYgB-J::aTt,b՞_ϥ\nY0a!r}Xk.</%HC(Kݼt\rQ\'{QUX\ZVދH]C{!:O±\"zDsVا/b0\0|hx.K[/VX!$-ٵ}.0	.T_6\rPVuD@\0$[wv\0yGCgCLx)EGI\n{OO<<-Arl[ckط\\<X3dKk&kwڈ4}9g]m/ϣᆳX?pa\'K\'`4,}-?q훎9xW\Zj5>CAsx􌲥^rOoH?F6prެB^Ne&UrVu5CL=c+g۞۞lxᜁg\Z95~lh[c䍞jRtQpo̍Bÿ(:-=9lʣu$dtAԆz[nC~O7N,ZHFDbPøL\'ew1*Qp)*g	Ӑ*@!ܿa?f!goؘinȫ\0}Wɺ|calR\ZT&+CA/L|(Q ,jOjĐykK-ޓjïړgA_Ld\0/\\d8MQ4PUzJƜp=,t8#{%\"T~8=^=\ZJ(gѷeUF}xE*m#mEW+W̯c\"','2020-12-11 13:49:04'),(607,130,'audit/request','xWmF_a!tI`ccrm(mK	-%pGJpg{vvv晙g5UtCZ1EA\rtI ZB>I\r	I\"K(jTp4޲<eBOIkjD_JSoEˍpZ{і_pFo{|dR6wfNunn@gnhGxMm\nMY҄q^$(v瑸pRk9d&m	<QSnt#4;`1>X2.q_2U@\ZC7pM7Vn5HE~K,_\'[0X]6S\'i*	sG(r]>gÙgԻфZiG\"j%+mM$-Yβt&E[ZKR4cMY]zJGZ)+)j(\'be%y*^\"y	>j]xW)<*$v<AJWb%c53$!i޻Ox3&AJ\0UZ+~\0&b*%c>_Fdx@70%>!S)*J>ćQ*Lks8>wKU[\0}%urBe㈪5m81B8N\ZQ. !G	};4&r+.`5fboC\ZffIG5,JH7jԹ>{\ri%%xCcۘr!\n=prIJoh,>\Z^/j2d6Zaϴz>˒`H7|`GlV2]p;!D\0X$ʰxߑl,6@nS\ZCԅR0;TЧ[Jh})s!)4bź#v,ieب7.pN0xQ]Cם-S9W+/\nași_mI8sqMt0Wpf4N{l>i-2ogh sn#v9e*Ge7ѷKtLspAuq̲ݳ!Il˵9e<S,7bb4w/M\0;IG	BO(^#ӥ}yr\'q˜Ŋh0>Yݫ+0_N^j͖]2acw\0nӄW|ʓ(2	Yl\ZmB=:(=fZ=˜Oe<f|L|Qb\n5uѭņ[*-xtd4-9,p7Oo#h*8OAC3O )v$rKNBq<0\\\0\"o?/}pRMk\\L:wܡ;P`\0.DlMunXT΁D\0/+PL˳-c\0}h7AmwdEV_h+ Q//\\QEv)8Y1z<Ȕ#\rCeהj1Y\'|O?tԟ]ӎ§2Ζ7ZZٕgMoXa\'','2020-12-11 13:49:06'),(608,130,'audit/db','xXoHݿ5i/a-mx%&@ar\'6nP+]kwK8ü}޼`XbB\"![ePBXt.&x,\'٥gɥ(.=1K)#X\\<$	+%G\Z\"+]CeMWA:\n3Pu \"(+XeQHD7i\'ܘ^=%g\"N	S\n_ҰJpCJ7Z\'%IRM\"(\nNISJ9xؿ1s\0I+i/{\n&DFnz05jw5t[+\'N͑zyi~EqZzi)*I(֙5u懱U5I\Z+s館׵ڈ,O+q݊sG:<믍\r3<0)Lln6uhxrl2}p􌈑#}a{R/KѲ~*\r{܁4AA:;RZ[4ڵfޕHlH\n|O=ɀ:Dgzơg<3^8g3*@7\r!,lǚMF+5V%ŭ\n{qĖ=/7\'4E%y$>Gm+Hr[d7q>5|,@J]@IŹUJP:\0 ,XRڝݻ\0|JҔYEfG2h?$Ȣl5dnyܑS[IȔYI0Ư_vͧ~hUDo͙9W6ͷА&7PO\Z4 \Zx9+:@\0sɿٟk}6r?Z| \0haH@UMJHk/  +C9\0HzՕDhހo\rWKZ6NEgVT}rBT{yEn($#:/	','2020-12-11 13:49:06'),(609,130,'audit/log','xWOH_1ʗg|fdtCRšJbڴ7vClh]EJ2ށM1P6$%\r=*A)	0ߍ>\0G뫡ǣ+dٙ3jt=#\0; CWP+t$Y[IՄNls\ndnD7\Z Qim/{Qܞ3}aԐܖv;mZeD2;|NE!@`ĞtnY`$)Ԓ#aȶi6Njt<*sM\"}!)R,:;EVE*(I{g>s]wO{+,45%\n.Q1UUUn\Z?9@g9ղ9l_MdA40 [Ǐ98QYVPscllOnXB<{YAQw^xŁc5KM.l紹XG\Z޿66\\n&\Z\rs>]X+qi!o4ak\\\'Ig\\镖mꙋtTAkC\n\nTQ.éFܗUI~Dj)B\'x u\rp\ZGY\nU,as[o_+1IgKoމ2:Ba&n\'b/]hǨUZKhax\'c&p	TPAn=;\nYe_ASʪ*Dy*? r5x*rA^>Ė|9zЁnMz+}a!VAFٔ+ʦNQ;J>8}C(-U*h2G%LX8vRשtMZ(-A$h	\"\\v^!̫c_Y\\ݫ*Z*!z,T#?d~Z̯qxu4\n~\nFƑN]ewJ0\"4Mb;r<[,XΡ\\f\\~@Ɯ2|/m7E@6Ev\"W8g@t\nk*A&u@ŐcǷW0v`W\"G \0\ZГENSXT$Eʽ@3}b<+Lc,7%X;ʰC,,\'bI&,!=,\nY8RTI/!MMW/U^h޷Qoڊ0,|	3QTSs','2020-12-11 13:49:06'),(610,130,'audit/profiling','xXmoH_)ׯ8!K@IlcoMmV7kK脈X{gyƃ=JTXKR\"\ZQvFe*aĄv@&VdȢ\ZPEUA@̛Lh{{H%X|!08I3?h}ѻ$;Sv0+]lsa8&ZM@u3UJӐ5]̽*}CnK\n-o>oݳ8Hք[8[`H:Ao|՜ͅY3nTV.A`71ۿc%eY!ՄR/kN~!U%]<ҷCP_.+c2GWK3:Pwл|8Fn<]Ŋ+>D~Y6vL	k\\Ӑ.)AU9ZLMճ_mA\rͫזL<8w8\'xHQ\\#9έZg<Y3)e)}89&+ǫ$<Ս̞^݃[<pc+\'h/|>,>q#7pQ0T7p+93VRG#.%vҺ6k={~LGb%]oQNi:urF46uՊ\"L;;3! =c3=ٞ9 B9զ5epշAOg54Y[.2:azz_w\0,w\"%ž2/g{>F\r~15Ka8.j5&5ބpOV\rI,`0AEq/U^W0*?d[fe6J6[,cU2g=9XN&߳!4ؒ`Ư_6݇Y?U5\0qal\\\Z\Z\rm\rGD#\\CYoiXԵ9np}?pNm	snϹwd	nP9~bm,b t;50D,ʪ\0N,+Djjv0_Hz(l<>w<ߛ\ZJ0f᷷Dx=śY{Eb.(\"e]','2020-12-11 13:49:06'),(611,131,'audit/request','xWmF_a!t~:fyQ\0$*Z܀؆D;y#/R?R?ٞy晙j|ͨ-78[`|}Q0jY]fuBC;=H:\ZU\ZN_477L6wIxEBM=K`^m\n(vQAo[g&Ɇ%WaΫ֔[7չMp}8k[ZSh*.4usa|$Q!vSpN<#@%J{ٮ[pY~\"&Ѫ++S/d*\"A5V_ȅEZy a\\}	:SNnb	tI@nd$*)CX9L].R|BT%ڲtȊ E[ps?KȺJJkK-|--ե&&X]J(`^BodSeF~S\"IbgtU,WeXi)	iO\Zu߬\"v_\'V~x;o.\rPT]Ky<LRī0b\0daF!oDe~i\0IM┱J2jK8f_\"β%\0āɂT9%xXDMj:|,r,S\ZF$L	QkzW67EN\rU2돽WפaQƬFiIDq#9xFMIjζ1*Bj}N\n)gҌ3Y|4xW0\'İҥUD?J$yo\0.[o(Gt]T!oϺ-Oa5E8nKu0TZyaf*LQAJBf.82J*[8|\nLyeb):gz3sIM=&y#VK؟}4nL#g~\'Ks4pfc~adN3\'˶_\rGӚd1;Jrlw.\'.f[gv}üg;oMZ_nM]1b&H5-lՊ+<S	Bfpz=6PޠX ߓ(S~Fq7x]F@=>~K(&\'u\r{\0fXQKM)m,Bq.ιpS.T}:y\"p~U妉9Fn\'=}#3.5m]7 WGwmk6=wl+-קSK]k\nD,{Ȇz**V?<I:y<0X,\'\0\r#t*F94u\n.0(ت?N37Fp[9=By3v\nQ2c\r兀;N9Jdh3g-o#HG%0:\0F\n,o8F6\0MZmJE[j<iw\'<8]OwBSEvi\08[xvyeW$cJ@+&NQ?nԟ]Nҧ/VUj\Z³\'Gqy/ϗmP{|\r','2020-12-11 13:49:55'),(612,131,'audit/db','xXoHݿb/֤Uf/a-m%&0i˝ج~3`+]kwFqy<Xi¶\", ǒf	ٓ٥倳}	|\n£I}aaȾ.1\"uë(cٚSJCUԾ宬j_Ta`(c:ZPI,rٻIf+\ZүMcjIiL/ςWd\"J(W:(=^%A	?.ZP\'1w`Aj$	}dezYp00w<(f_}Q0J)HBʃՃiLcN̑?-ǝ\Zc,\0?HH^Bb?yxBXI<352O=01k<M\Zzwy5VUQrf12[qؘx[oj=?0sL`[G9#5&3{(cXu\rU{R.KѲU:\ZX˃r $,$GʝJAU)MTr\Zvwe5#Uϐdgzơg<3^8g Mgr3Xo\ZPeLc1.`ɳjRtU0̋BJ _oFYiqAFIAC>連vHo}\\1hC\ruٍse6x	\0JXcEnwvn:\Z0s Q$TڗPEg	Ӑ.*&TCr&~њ/FG4HpO^y0~k>GHL9W6/+E󭢽/I}q\rj\Z)km;翂.jtjo5E+=/Bcap@.UVPJ&Pt\"Ibifk/fJ\\ut\"P|ߓ	<tHk4F	YD_dE$	\"wtE/U\"\rE','2020-12-11 13:49:55'),(613,131,'audit/log','xWmOHίXK@Ļ~F9酤MIb^~Im\"y1C]ٙgf8ǔj4uf,x|\0XTThͼޠ~u뫁G+d;&,ʒ]kGst܍Љ<J-XbۣXT%-!\ZִadO[?`5(ɴt=8iN~	fI&nSn7J]Dn 0cLfw,t[Njɑ(bp2[shN|*sK\"Yi?b)CLs\"wp~]f;xӶ7Њ(Asup(V%JxprpUFZnFzo`Ma#D6D>Ǐ	}3`F#q6ӾQ:[e$|zdxAq6NBjqݪzzu\\sO`?MbDA0kWFPpp胳rG\\xOqW\"[o?\\hqps	ޯ<Rp0P0J`tNT/J7c`F%C14^2Z咁8B<MEً%Kο i6	Yvny\rS?c Q8\'1c4\Z	°`U\'N09aJ-*K;*;sme:elf{,H\Z<NŊYO{s:K-A\'ޞM#.|\r\"^scظ04\Z%R;JKL%DZ=Ec&Wt;h5W&d߃9XR+YCb^ 8 ݱt;x_Wf,֤\n\\³}xWlD*V=q=$ liӄ\Z<W@Ԫ!dbq2.bYT!XWY@Y<6]f,A~\ng>#._Y@ȺchUh^B-)K֔]9_\"`Brh+KJRUP+-(r\'dK/URCcL\r\r]>-n\ZEOv+QF0N\Z}G$\"\rf>:Xok\ZdM޵/W%*vG?r{焂C\nBZ#7Ui=	q\ZQ[2~zh','2020-12-11 13:49:55'),(614,131,'audit/profiling','xXmo8_a%&Ɔ8I4/wir\ntW\'E\nܔ\0Y vWgCҽk]HI3k(S\"%	FɘƔ<	$nm!B.\r,˼ϔǠʾUHȔa<\'OyDw٧9I;`	qy%݀k0c3.t[`P],<Ti[#m\"HפW/#2Ru8!!aJ[,Z<50e,[57d\\\ZE\\/97sۿ\'\nK˲BB	e:[!tCF%L{ۦCP)\Z$Z],Xa?ӫ~ˁ\rNGKOxwfQc|ŮM0]TZI^6P=)Z1L\nշz/6p`;#bLh\nYzaO$+dIϗQ\\#9N5Y\'<[5))}Lrӫ7LVWI\ZyIVV\\:h{w~^+<[9!A~[ktPpM*.l0d0\'O([I*۽sҬaj25Kz D꽌J[]-.hTAcSW0B],gHc3v=c3g ]gP]3Zm\ZE\Z9@$ox&*5M-pO\'a BzzY>x~~ʽ`,70y2aQuԄFSmBqO7,G\ZHEDGfDk<¸J\'}nmB	oeB%4J>ʼZBjl&Wg->XL!GO`K^%?o/7`aX\ZƥpOֵ|PMG H_ST3TvT{T{tarXߑ̶˴])TuQ TyJ:ẫsRFv!/|akބyszxkPZ^7fEUI\"*yE=ᒦwWQ\rM','2020-12-11 13:49:55'),(615,132,'audit/request','xWmF_,t`Jg6REBkX46\'.;EV;`wvvgYcCTk7z!\nF#/p˭$$^dHЃqhd!\ZQ~`jEFQ{,ڛ$6>w9ZxEL5K`^m(q^3tCޒūUYk՝77MpC|Hn8k%[Z[h+.usgQn؁U(ȾvİO\"Jb~OG~?nzovm<~\'H4^5e<Z$l}nrţѵH$aj,W_ɅT\'p$o!I*TԮI+H\"KXZFc4)BQ$ҡ\\wԿՅN\\R@ZWVԎ.YD=ly˪tK$(\" XQR]jrj]եhxA%,J6%^F9<U:$Ilx(YY*ZaJB37됈ש5F\"l+OQ>/IF2%H\r?/OyoU3T\0]ʠ\0ZQ`VU9h	[$2&d4t6e(PSeG\0àE=7(+JԤaǒ:P*tO%wMNr	J pÉW3bu\'H2qmwy=MV<jΖ1+A|SNJAd9)nޠ%HE9&7-5\ZI7\0{̭÷acoO$\"3l0X\'!ChWE_x-ht`@EDrQ	Iu:K*te~>F]A2aJG<LoVW4g$?WkH6=9ô,4-	g!hjtM~`lNsg$\\Zu|˞z=,~5B5rhQuN泡c?Ț;|#sO{`;oM*S/X.َw=$钕c{6ӿ5ֺqЛ^A.\rfwWN9d\Z$_DgIR ٦	Etj,ЄO	R~.ʼp\nj0k͔6^j+mYdsYp%At_Vz\'{NeuV}[nvfGg\\s@|j;Um1}4LԀlh0WMz;I\'gld8/Ho9#hpx8$vN@R.EzC;z	~YM5߁&xpċeUUr%p\'ȻW\Z:q;U-OS.;oE+@:\0΁Y\0.PL뽼mB!uJGTjGT;ȣ5x+ɃRԐ]oj\0NgLO9utO:ÐUZ\0qrF%\0bQ[m}v.xƮn,\nХf','2020-12-11 13:50:14'),(616,132,'audit/db','xXoHݿ5ix	kiՍn.1)L[<fM[]5|޷)%|ˈAeaܣ[HTb20gl6\ZIhv9R*sy^H\0\n@a8$h׊k!zXqW@mkXAWBM:\\0jDs I;W,`_ÛaIaL\'K)VP\"\"\0\nWI,aCoYDS/hző8f\\3_/ O~{!\n T^q`vi\0`B\"(WݶFiH鯼7mgjǎ;6/-O2m8S\ZƹӈyO5DH/VQ\\#9ά5Xc~Y]>\\dE(k#4\"VnVu{34Gi{s5~{t~af#d\\|T\\:0s49~T7>pC[\Z2gH#[BxOuiZ_LGj|ܾPzVN	PVJTctRgՊHg \Zơgzơg<3^:ghH{W=c3Rm\Z\0sضē7y:JMUy+yneW\">SƣnۤSFsx-9YtuM7=@m`6r	\0xfk+\0}a>76]\rMBѾj?KhlyDj\\;}F+|L02?I=yk|O:8\\y	4u~!]!.~ڶs+a\0T;P\r7E\'Et\">lˑ`Wڊ(]\0˫VǜQtFq}RUEL:}+0BaoBC{szz4k(-nØ.¯?sJYQ+W׻P%_-)CߤO','2020-12-11 13:50:14'),(617,132,'audit/log','xVnH}Wx!}X!N,&&&ʿo&Qiw\"Al.NWME,I)K*M^<*?$(b^mMD\rcҪ4=*G=,FdԎ]J-X䂤RQTEQɊ`)S9Ir%V|^`	so\Z\r>˰ԓة63%Zq+,E^s,Ό6<9$Z$F4<iJ٣2DA\"SRȥ9YStq9eͧ(I[Sg2v\'Mwo{%%(J.nH\r\\\\U5#Wgaլvgz7B,|ƶcdtWs|G_a4Fm\\y(,t;Ny/k,8yI׭aGA+{ukԯV 8Le_Y9*?6_01Q7\Zw񂱕If(پ6nRdy9JTka-Pz;a\'y8)eRG۠tjjVm7V!QZe\ntz1\"(]wOh­E\"as7w?f$,Eٹ3;eu[DKYݏ^X=͈{kb&DM!<U3\"	H	*&@[ZNMU9ɡr+gO\Z<Q%~i<,r@6`NOՏ/a7pv6FQhut0Ri9=1JMDhdY;7\rgvPzdJNWxGυ5Y\\+4\"5\"/!I3!y7|cR%4VRQKGv\Z+HIʹG܃=)#ҖMhb{	F9DXc\\A\nf_D%{5)Kk@P\Z!M)s1O:142541|7/M&k5eWAdG709rj u_EۂHy.R_.5$Ihli\Z~ЇO4rq\n[-&)(kDUFy(^-	h.	~`V+.`.7e^hޏe5UOj	\r7\0O','2020-12-11 13:50:14'),(618,132,'audit/profiling','xXmOFίXK@d_쵳Q*`^ڐTSHc/mllwwsq8Ԣ 6yyfa#k(S\"%	*dLeJF\\612t64]҅!e7kȰXQ*4Ĕa<\'OyDw٧9I;`	qMį;Ra0a]鸷Y(i[HmjRUUU4:RcJ[,Z<50e,[\\57d\\\ZŘ\\/7sۿ\'\nK˲BB	e:[atCIKN;2CMC\"!Ut}>N}.68\r/[?q޹Ŋ*>D}Z6D&V0{⽊JSºmďtno8y1p&riW4,O0\'2(Y\Zcʙ_>&&+ǫ$<$+p]s.d{/[fÕmnyǵg:fxna~o8a	6H2\'\nRxK޹uizpsv]x\"^pJeIS4*͠V\r *}O=0d0v=c3v=ɞ9C#ڻŜ`i *]lk\0YMTj,s[.3N@.Å>˿)(f$MR)rٿl,EqMD,G\ZbxB\0AIU:gwk^%lKFIYWK\"U\\D̻g˱`)oI\Zlɫ?U5\0\"?Kcظ44^\Z	\"ZCYc\rGV{CQ;T.\rrXߑ̶˴.lB6Hkթ`TyO:㺫Rt%+	=H\Z<U(o\n}zf62]IWKP}7yy','2020-12-11 13:50:14'),(619,133,'audit/request','xWmoH~B~cӹfyQS۴Z|۵MJZHt؞yf뢪M^[mq!iuAꢠgԌ|R$]+z-!$͆$a{DځMf5&5͵ln#olS4𚄹\0{&ї`ż;Qr ZΈ-yOoWvSnqod\\=Ļn8sD;kT$Mhj\ZNb=ny\'UCoݶYJ~;<OBSvU,R\ZLU;3\rr68\\R-2һ	uK9@2Lwp0KKr$-\\%aHEA+l8szV+MQݑDVQ,;j[xiUUEdURZKMФ5M#XQ;J]eOmw*z\"VWKB0/aW!Uu\0J~S\"IbgtU,Ve)_3C֟,D콍́7z4h;=\Z`$$_eg	IAP`:naJ}B\ZEŧy&\'wh3N|Hj%$	LA;W]Ag\0bkidIemq,b[j\Z3<!i[\'ͧ=q;Ήn\Z=C9AUIn0q˺2!\r3\n$b=J[\"\Zi%G5nf~QzamLZ>oq^oIu9h$%74\r/ɹgcXv*>K#˃:bYt=;֮oJ_s\'xwB\0*0I(}aq%#&Xzm§ 5Zw`v\"hSAl)ElӾǣW`A;d3楕aFp\\Ý;Eu\r]wZNZs0h+$M#g~f%Vo4|o 	Ү0-/$F}dRiK糁mb4u9z;G뜲xE߲v%\n_nO]1llTH%-r-qBd˃؊-62Ƌrl63a  %2u>oz.(;.ӄ/<.sMxmS0z{}F[	KM)ku,pθp3ɜ&<Wd]@IlbԘoQ^֑LE-5M,]6 G,s>^ؖ31E/srO*Ew.*\\II̓Ѵ఼iF?<Տi1<Ox?L(&)r.10\\d\rDs0żNuiiUZ\'N;z``(ͣɷѷ+*90\Z@\0eiy;El&[% udMxUdǓK90Wv5&ÐuZQl\0F	h\0(|+lyU]#Yx֔V.*\rjOO','2020-12-11 13:50:16'),(620,133,'audit/db','xXmoX5i{y\Z7a,mݵ&&@eWlƙh+mgMI=Ǔo9թ<oX.|xQnT~#r*T/Ɵt4Bhzil2DeI<QSaEj6HOBJ?/YR/X5+Xm([C5OLh(+TE%auXȾF7I`IL\'ςڋEDy0J+#^&A	? p\nǿ3;eR0*$	{Tb(]#T8MGTH2&W$(L\"xԪ4@͑9p\Z>?k{e;ch9e\\2li%1j:</Frb\Zc|]%݂dEXF\\Y\\y׭9ghm^5~==0M4Jk}^c@gɣgLmdq236Rd)=0/Z+QZ4>]@Ї9;jY;N\rN}Ԭ殭ZW`hidH2e>28xvdp͐XyW3Crbuh`Mв͉x㧫\Ztj.-9(т_/;cżpcVܦy1`BԴQkwr,XuM4>FM6b;^5HLN0FXjv\nݺ/\0Uj2n*+Xe4d|]`XwǾ/m%@	؄i)0OƯ_v݇U?{\Z`36+fkho8M֍c9\r(%sY8\"8wpt1)Kz\n?O\rm /\\fBEhVM8VnK(*ڬ>@>$v7a9;^+i5Qϣ?}n\'c:QZp/','2020-12-11 13:50:16'),(621,133,'audit/log','xV[oJ~ϯXB\"5]`GrӤ@I#!B}IK3ksqJ{6x7(_ڡ\'	[cG%xЊ\ZmXf8Dzd\Z,st4^ۍG1|#6֞7sA,t)x-K&ZWѰ֒j*)q6ljЍXI\rZݭr%h<,tR/\n9%Ols˹o$%R awW94B5zaY=rBN+z!gg`|]Yů(rur;G%h\"2`zdvGtb\\qmȰ\rOҘya:I_=$gAX!91/̉9\Zq64K:11S.KeGEymLjyݛ^>hkcϱތF5l1X\rG9:cjǯmU\';OH\ZctInDה\Z\\F%QrQ\n%nJ~|RS8(R%uL>jmVB$\Z\"-$\ZYdt7\Z4YGo%ٿsHbEsr>Ain\'b/]hW9_&IwZR;	^6$N19ayU*R^YW]n*וUտAr?)kUkyu-r`=p\'ݚįawxl&rgl6L֕\n(-5.uDu8`(IYR7>l#Zh\n6Va?E\n=g>GUŤIed\'J=ǈ~\'Ǔ\n~C7}(;pCt՞\rW\ZG>:i[ݻ)RqQ>sCt:\"˄5q|(rc%zEn[\\7r!@[hz[ILFmmMuf>CCtI@ꚁ!p%U2G`\0ԓ=dNSX.ɣR逵f),wp/iU\"B<</Kjhmǲ=@p=Ôt}x~ZE~}wcBate(XU-$u+9=&','2020-12-11 13:50:16'),(622,133,'audit/profiling','xXmoF_)kqձ+Czd	0lZ>NLbI.,[<J{FU*D,Jҥ	TÈ	Mu\"bkTQA@̛Lx{H	TABTYStv$ILQ̾]ݩ?qI\'^ß.v\n0qo&\\ږU6O]R̽*}CnK\n-o>oݳ8Hք[8[`x [YjB,7JZbp>)mo2c\"K˲BB	e:_N~:!U%IIG~WKQ!temrt*º~F7>\r7-wXKwXqŇ(/&S`Q)T6]H.*-o/6p`#j`;ta!B^{\"k$G92=̱ӾY9[g_>arj0MX9YZ}euJ|\Z^\rч˸X9DAa]kϰEPpC*,4d0g/([I*[Kڨqk25Gϗv]xz/cGe8RAW˩\ZfU+,mZ$cQ-C߷}ط[+wj\0TY/,V<Qj`#AOG54Y[.2:a{z_o\0,w\"%ž2/g{~77t+c\"\rekLøq\\1j`4ބ\'P\'ӆUD<c%`*gd^eVږYEwͲ2&&X7wϞ)P\0{6b~[+ڦ0? Gccnl\\kC[!?h㻌g11PZᜆE]\\朊ۊܞs9k4ަogm>ce\ri1]U`#+\"fMו&QT\Z}],IoA>x0_7gAU\'	@]\rN+-\n(W$IoCN8','2020-12-11 13:50:16'),(623,134,'audit/request','xWmoH~B~4siS%kٵKB_p\'݇3,UkfhFmٚd6SfQr2+H\Z t@|ڑ,Ejqרlp6W}aBH+j_jSDÍhzkRn83I6=Y	s^m{p:׵T$]h:%Nr=n>IJ\'U}ίyGJ~?n7OB]e,JDLU?3\r8ZB.,2ʻ8UKԹ@rLwvp0KKr$+]%QHa+t0uK]	Q@kˊE\"+(m,]ު\"*).R;.		VԶTZ/bu)\Z^y	M	!<+uO$OU\\by$?i}}X}hx/v^i]\ZF$)I,=<1x<$WaP`w*n7(#.%Cި	8\0)cdt)\npC:˖\0~K\'*kSM#Lb5)g8yJ$NO)k0%G	y]$~.rn!\\U&\r+4f5JK\"YO5vބAIAʞ~lS\"VcRM9%f$yŻW,axaZNCi~>E0@[n2(B8)ޞ4A\0:Iip8``>Jk!T@m#̘H]u<.r!%u^u-]kyvٟRkfMIșe_lՒpM,;ٯo }ò7Chݴ&Y!R\\!=Ér=r7{.}Ԃ)[SwLm;tI˱=*EU^(V`7r|8MMoP,Bkj?(S~Fq7xӥ]F@=>|K(&\'u\r{\0F[	KM)u,Bp.ιpSɜ.T}:y\"p~U妉9FnG=}#.5m]6 WGwmk6=wl+g0cK]k\nOD,{;Ȇz;**V?<I:y<T8Io9Ch<ʇQ@d<L(.)7sFՖgA7=\0=CNϴPyOC^,-{TLuy{~!>ƱS\"b~[\0 0pΦ\04QŴ:Ѽ7Mp0rV[iZST%Y@Ͼ^AwBSEvi\08YxryeW$cJ@+&NQ?nԟ]͎ҧ/VXj\Z³\'ry]ϗmP{z4','2020-12-11 13:50:17'),(624,134,'audit/db','xXmoH_c)k$w>$KMn~ĤQ/iSH!3o0\n˰f0 [evqaIł}1	M\'Kg%HK<]{ Đ\"  a$H`KJ\0CUԾB5$Iڠ4\nwPu(+XժwG I{W4_Û`IL/KﺫUeS:(#.b?C&pCs\\-҈_,+%Z qLUf^!,&Cp$\"QQ+W_L=%IHy2z259-~ze;3cl9e\\0lI)	܍ID\ZOE7H3sfZ#ukاށ[UouFʼn9ccn7|tlmonU|T^:2c2=j>-=cblN1&;\\xOхyi4zp_*GjytdSST$]o!h׆A{V++jfH2e>38̌xvfpPf*Ѐe3MjSӤoWd4uÀ߆+~%/oJY܍h~~JIN>\Zi6e/0_M>m\"wًsawm\'@y~ݺ/*MEEQ6UV~QeV)k2T*K[I\Z)0OƯ_vg~U=\0?-8آ[T@-p/ ɍ1Tc9\r(%sY8QހsQY\'Xyj8wlMxA7*\nb>R\"\Z%ڍ`0n$Rdz~ʛےid~-U_$4V\'[#W~hkKI6,	?','2020-12-11 13:50:17'),(625,134,'audit/log','xW[oH~ϯB\"%_Jqt	TZ		{BV{vJR	{;b=\Zm,IK\Z]{TR**a}B׃WCGWȲ3Kg,LzG>icySw>GA`.38u)VUH\nV[XtԂ\n2\'ƍHdhene߼E5$NbSky̙hBƕtsoI(,s-l49$9Z1$ٚ82FhF2$*wIŗ2dd.)r(\nVgFI[8;qX$9WQ%\"q*U*h7џ jYМd6ԯ&I\Z^θm[~5cþq6a,?Ͻ^~PԝDq`s_͒ܯqK}0mroGצ~Q0hc>̿\'`ta^n4^K8|FĥógTG#N\'fq\"{\\58_n6NQaNȔ:tf6weՒ!Hoj*tˡi\'B7ڞhqP<%ߘt6)s#Q\\&:lrv,Uۏ^<35JZXk	-xqaL$N09am=;\nʨ)euq+e\\}qkO\Zc51ƊcO{4[NtgcD\'xeu>,D\ZU\0?*re\\ٴP4(ke&R\rE\rV*N4܀VɁ2NԎRu/l>-I.7ғp]\Z{YP0{}I3gq}iUbުt?ݲdS;\\\"?{ߗơe4\n~*]AƑNf	~WEj&~\nFP$XMHl-,F^c.r3o.? ucN_`r&C2c\"(N\"70Mm1e1}@Őo`%\0piv\\O6lԥo9\"CrhÙ>11An(LIQdD,DVPoâM\02EB&&\r.ھ-vFa=_W\"U׃Y7\nt','2020-12-11 13:50:17'),(626,134,'audit/profiling','xX[oH~ϯDJ`.1\\*Z	6x6Qi36)N1$V$`9pl=*\"%Rꄔ w2*S)#&u\n:V.e7e({H1_b48I3?h}ѻ$˻SN0_\r:ńJ0qo&\\u2PS۲& Td~]^xTn/*u I[o4nqC[aReUs~7JHfāQE\\#&3fw,UnɟyYVHh5Ty\ZoR!DTqADv2B:Rr]Ya]?~Gk;,ӥYCyq@[kLBvLL5`k?)cw	LLx`jU05[̾ٳ\0Wצ)dyqOO<<-Frd#s38훕3)e)}8&+ǫ$<WFYm`?}M0>/\\-\rG?4>AcpQHoIջ4Z.Qs8|ޮQNi:urF46uՊ˺S=ʢglxᜡmS=Cb@49O+5M9-pK0p.>?;e,w\"%ž2/g{>\rq15Ka8.j4Dz߁k_0mjQ |@*{8zqWY]fu(*d[fe6J6,#U2ϼ{sj+rJ\\0~>^U 𣱱06.KC㵡_@4ɵ11PZᜆa\"Bܞs9Fs4DRa?2m.lBUU0X*:^ Y\nVfIcEF+~wᇮ;?^=-i5?؛޲AwrtR߿^r5V}I_KO?:','2020-12-11 13:50:17'),(627,135,'audit/request','xWmoH~B~4siS%kٵKB_p\'݇33,UkfhFmٚd6SfQr2+H\Z t@|ڑ,وK8kTM6j8	+>0!e$m\n5lp;Qp0ޚL\ryOoWe)7o<sp}7N-u)4IιxӰ ,\'Ijru18SoVhpY~&&Ѫ++Sd*\"A5Vp,A\"?hUa&u. <݀lL蒬:PITR&\r?4fii-Ӥ\n%F~߇C>\\wؽՅ\\OZ[VԖ.YDhngVUYUIi-tAuIPOd_D}KKXlJw!\\ɯ3xT$Ilx,#-7%!mOu@G+Ǜ~ayu5ZK~\"p\'ϟ/Oī0b\0dB4(#.%-2Q7qd>SVzQآ~\0<@OՖ- Ne4¤(QE>,!UFG$L	QozW67ࡋd{UXbcоF)sjmwY=MuJ\'ū-:3c	W d>I3μ^CgǋweBY!\nzpH\r>t>uFa;ޮoXx{\0*I)a*l%:XF203Zga`z\"ШG3\"\0#Rl:~ǨwagL+Aݡ,oz7s\Zxt>C_Zj죉09=9ô,4|.	g!ĲI`dN3g]/M-\ZeO<]pmegvP9)~*\'i1h>Ț9|!sOyvޛNu%_n]ڎw6T$钖c{6]UsWEB#^\0Kpzl65A	  Q\">o6)Kf&${}<.sQM<0\'vu\r{\0`YKM)u,Bp.ιpSޜ.+_*Fv{$\\_uai41t{3ݗu<SzQtAcC]ۚm{f|L|Ys8tAJap$y<T8I[o9C ppx( fNAR.EjÜ910ޛ<L7J?ŢNuUrIp	V0r)Lg[ъ\0s`t6\0F\nj/o8F6!\0MZmV-Kȣ6y+㭥T]o*\0N֧O9O&ÐuZYl\0\'ӍK7\0PK=pӻX==\rYD','2020-12-11 13:50:51'),(628,135,'audit/db','xXoHݿb/֤UocEp7-w.`̀tfm.M|޷!˱9\'[BXְ\\L>xvtr	|\n£I}au]$(A,h^͇i$fk.)C5i$	JR4*7Pu;QQ#e&ahHF7IH\'1<z&_uR	(T~*	(M>d7pՂ:-	ʐRI44MoB>*GR\rib}E0\rE\rxOTJ<Lc\'X]8wjl׳K M\"#QRx	Tb\'\rS̚Z:\\تdf4	hw kuVUQrf12ܑ9N;ddcof]|T^:4]s<9jޛLO8z我lN>}氍T<Å^Xfe[t4O,ԓu*w*RZ[4\0Z3h(j:gzơg<3^8g 49XSMjRtU0̋BJ&_gFYiqAFIAC>倣64XeQ-қ(i5|I]w.dDr٪-x*b;n^UЦʢ&k2ltW	x\Z5}7l?\'w|(a2;:A{̃kWѮl; 39`\nh&#чP8US%綽q/sνާ_\'?OMm?\\e@Įh 6HZ1lŌz\"\Zlf~\'=қCWߜPmEgVT}rzv\\]uhJZRH忠|	','2020-12-11 13:50:51'),(629,135,'audit/log','xWOJ_1(]:T^\r܄{]3-BVw{]p9;C;$!4<A)	0/ǟpDIzE4^ٍyHOqcy3w>GA@B/WP캘W8U$E[*D5g&̬\'ƍHdh}OC7s\"l\Z$N[gv3);|NE!`A)tni@[$Ir\nH\r+pen\'5&Q4Y>b)CLK\Zz\"g#`|m3yם$i/bEG :\"/QUEÂ4FzϾs2e#s:5ү&!I\Z/L-dxa|ςrbc7ά~:4J<11\rZ)se=%&be%y\\}hm6x0ɆkSXDQna]׾>ՇrEwF\"&\ZF^:E1⚔KJ骞HGk~q]/\\\'	=<*)H::]S5K/MX!A-$2x:`d\Z)ԍw\'\Z4YBcs[o/V@(wbJRG>6Ltd:Y쥫-y#5yUh/.)\'p\'ph8\nY@SJ*r*UV,AR?)kU䘇FcO=}ؒ/P:	uحIo1^o>,Dƪ\"(~R6cfYhUTLTJ\n*NDi^)9Pf	v$%1TJ]J5irv4UDKһ4a^-ӸWU*1oUCniש=G~Z̯qxu4\n~\nFƑN]ek%r_kBXX\rCi\\:\Z#/sQe7n\\\rm-E!~\"X;+]EnSa :w5UQͦ/);>YKDZѿA\04rW{9UpM#*LǞ7?S^a\ZSdY/vkqt4NSeKD@(^Y,=PI&l!=^߸	tT#w@	yCB?{B{sx\"J4pWoڋ:&r\Z`~غ**lsF','2020-12-11 13:50:51'),(630,135,'audit/profiling','xXmo8_a%&06rM^B\"7.@HUِnnuR<1UTXKRURH;\Z0bR;r\ZB\r늊T8eޔeRۣPC.2@J9x\nN10)ٗK3\'N0i؋&m0JeɸAu놦#Đ\Z	JW<D<pCKD7Y$ik--nG9Aob՜ͥY3aSQE\\#!|MfX䉧ܒ?󲬐5TyBߤCH\ZD3\Z_:!t5\"t**g}9oz=n68[8OfQ_lŮ\r0X/Ds]	L0]aފ\n&ܺm\0/6oUk\r\\<8w\'DHQ\\#9έZg<Y3)e)}8&+ǫ$<Ս̞^݃[<pc+\'`/|>,>q#7pA0T7p+3VRG#!%vҺ6k={~LGb%{<z/cGe8RAW˩\ZfU+S\rX\'D&g}}xgp@ڥ!49զ1\\mk8<y\Z4Y䜷]d,u@,ù)(f.)y9#X68lӭ4̗Y2\rqQǠ҄o\\X#j(\"@B\0Ud~j=q\\}rVYUU}Yu[fwͲ2&P\'Yw~Nm%SN	߳!4ؒ`ƯM\Z\r?\Zcظ44^\Zb6P0J+\Zҵnp}?ssnϹw}\Z>y;aTxff[#ݎܔ	24pj/NSBlpZùف*z$㰡=zwzzX5_؛޲\n5DHqۂW;.Qƾ%x7','2020-12-11 13:50:51'),(631,136,'audit/request','xWmoH~B~4siS%kٵKB_p\'݇33,UkfhFmٚd6SfQr2+H\Z t@|ڑ,وK8kTM6j8	+>0!e$m\n5lp;Qp0ޚL\ryOoWe)7o<sp}7N-u)4IιxӰ ,\'Ijru18SoVhpY~&&Ѫ++Sd*\"A5Vp,A\"?hUa&u. <݀lL蒬:PITR&\r?4fii-Ӥ\n%F~߇C>\\wؽՅ\\OZ[VԖ.YDhngVUYUIi-tAuIPOd_D}KKXlJw!\\ɯ3xT$Ilx,#-7%!mOu@G+Ǜ~ayu5ZK~\"p\'ϟ/Oī0b\0dB4(#.%-2Q7qd>SVzQآ~\0<@OՖ- Ne4¤(QE>,!UFG$L	QozW67ࡋd{UXbcоF)sjmwY=MuJ\'ū-:3c	W d>I3μ^CgǋweBY!\nzpH\r>t>uFa;ޮoXx{\0*I)a*l%:XF203Zga`z\"ШG3\"\0#Rl:~ǨwagL+Aݡ,oz7s\Zxt>C_Zj죉09=9ô,4|.	g!ĲI`dN3g]/M-\ZeO<]pmegvP9)~*\'i1h>Ț9|!sOyvޛNu%_n]ڎw6T$钖c{6]UsWEB#^\0Kpzl65A	  Q\">o6)Kf&${}<.sQM<0\'vu\r{\0`YKM)u,Bp.ιpSޜ.+_*Fv{$\\_uai41t{3ݗu<SzQtAcC]ۚm{f|L|Ys8tAJap$y<T8I[o9C ppx( fNAR.Eo	99sF3baXM7?\0\'x*oVȋET@`咮Z\'7W\Z:`p;)-NSΜᷢ \0l\n\0z(^p潑mBڊ&MM3@ȣ^Q<8]=o-zSp>exrͩ6-}2?\n`h8?n4]⎾2/V]ZمϞ~>_BoE8','2020-12-11 13:52:03'),(632,136,'audit/db','xXoHݿb/֤Uf>KXK[,^ws	Lar\'6nJWlh\"C!c1srCsOlϱb|g\'٥퀳dFG\"[B?}u]cD(Wa\Z$	1ٚSJCUTC֐Ր!FR\r++@т\nL`GM4]ѐ~nSNJczyL.o%QBR~*	(M>d7pՂ:-	4%Vs$I#+,4߄}I~y`\ZK)`\"ِeLLMckl\r``wvܩ9]6/-4ɋDI%$S\'ԋU4PN3kjCscƓk$WpQYckoU%i+//̱ufy1	&viQymtRQd(#}\rU{R/KѲU:\ZXˍ֧r $,$GʝJAU)MTr\Zvwe5KP{\"gzơg<3^8g E{WCC3Xo\ZP0kYUj\n[ryQȗђ_(b^x1-nr?()hwGs<pܽ,*ֽEz%㲆Aj؅[.[N P\n¢n^Up\ZH2h?8\r\"l5dn~NAdwtJ4$گhY?{?(seRټR4*@4чP0AJs^0CU1;`\r0\'k4|!baZߡͱ\\5\"0TZ1lzنð9`k$]fp	>tiIk4̒N`J}za5CIoKJVEJ	n','2020-12-11 13:52:03'),(633,136,'audit/log','xXoHb){|b%8i*LZ{BA}U}cs`ViWj#cϻ\n%\"4BtF7pPCJ$47Gaf`94lʢ,Y:ODEXěMzq#SΒ%\':UAS\rYRKê&3f&(>45@F.yqҞ1}QvmZED\Z1cS8|Gn`β1vYH[4M\nH\r+pfEa\Z&\ZG(\\,wyH*T &h.ΑGPL?>NܝMYǛE4di/RE >Q%UU4n[}7>B|ts{<2dȁȧYB( ;;AF5#\ZYu1};e4?Ͻ^~T֝IHyi׭ٟnW\\zpo럵\ry2>=slWgD\\h9xF؊ynZWt԰G@\"BiʎOJwJ%RꨎNWEJm˪%{U?DYQ!KؐT2j5\Zn;\0IgPSL}/7a4,{7a4csޛ[FMN\'~l܏OQSpK[BKwpjbg\">E$JDD\'ώUVДڼy=gCyUk{,HZ<b59U}?p4_ΡL`#Ɖw x+ھ%HxlM\neRd;ɵ>8>R8M^i(a;P*PfFǒ h	\"<1K<,CXT>)\rXR߫jZT*3.!z,Tʞ#?d;m-uqdU4y\n~F%q\0N]m7*o0\"t]7p	X\nXCY<6s ?s3y97\\B{VC2ҺVN\n\'7Қbe1Cŀ7P`\'Kri;j7r/xgS9(i\\\"GA@\Z.̱d1r<)p+M0TD,4%+dh*Z훰tEI}&ˢb		zCC?#\Z_E(*X/~^d`Quȷkp\rJ','2020-12-11 13:52:03'),(634,136,'audit/profiling','xX[oH~ϯDJ`.b%8.\nV+!ƞb&*w&)&\n=g;;G	QJt)CJ0V\rMmgTRFLj61\"A#ʊu.uYMY&= RG@. *\r,)8;~$ Zf_f.ԟ8Lb/bJWm0Pi`2uЄ.|.\"j!k45ţtxL|P{Iښ}q\'\"V-STb2c&rJnqᏘG\\`71ۿc\'rK˲BB	e:_0N~!U%*Do]cЕQUt	}9oz=n68[8OfQ_lEM0SS\n0׀&X6dYU4nݶzVwt\0_M;ۣy9}ri7,O0\n\'ҳEHskh֙32O{VeMnYbN.~66I#O`dku+笃W|િe>	&z\\\r.\\)\r?4>}AQHoIݽZ/.Q8|ޮQNi:urF46uՊ uzQtE=c3=ٞ}Vڴc^36\rU߶#7xW㕚&Na8ޟW2b;bO=ލeÆXʘH|ٚ%0n5|\ZHM7a{߸F|OPSH\ZGϟWye_fVEi@eV]f$`L% 2R,̻g?)ِI\ZlI\0h~ëj\0~46ƅqih65F46P0J+VIqPBh78W>9#U1s8\'ky\Z=y;a@*|<3GOlpEZllB\r\" \rCձʩU9u\"N)X}87;qg.s:߅xnIᴸco~{˒nB;%k`}IoKJVί','2020-12-11 13:52:03'),(635,137,'audit/request','xWmoH~B~4siS%kٵKB_p\'݇33,UkfhFmٚd6SfQr2+H\Z t@|ڑ,وK8kTM6j8	+>0!e$m\n5lp;Qp0ޚL\ryOoWe)7o<sp}7N-u)4IιxӰ ,\'Ijru18SoVhpY~&&Ѫ++Sd*\"A5Vp,A\"?hUa&u. <݀lL蒬:PITR&\r?4fii-Ӥ\n%F~߇C>\\wؽՅ\\OZ[VԖ.YDhngVUYUIi-tAuIPOd_D}KKXlJw!\\ɯ3xT$Ilx,#-7%!mOu@G+Ǜ~ayu5ZK~\"p\'ϟ/Oī0b\0dB4(#.%-2Q7qd>SVzQآ~\0<@OՖ- Ne4¤(QE>,!UFG$L	QozW67ࡋd{UXbcоF)sjmwY=MuJ\'ū-:3c	W d>I3μ^CgǋweBY!\nzpH\r>t>uFa;ޮoXx{\0*I)a*l%:XF203Zga`z\"ШG3\"\0#Rl:~ǨwagL+Aݡ,oz7s\Zxt>C_Zj죉09=9ô,4|.	g!ĲI`dN3g]/M-\ZeO<]pmegvP9)~*\'i1h>Ț9|!sOyvޛNu%_n]ڎw6T$钖c{6]UsWEB#^\0Kpzl65A	  Q\">o6)Kf&${}<.sQM<0\'vu\r{\0`YKM)u,Bp.ιpSޜ.+_*Fv{$\\_uai41t{3ݗu<SzQtAcC]ۚm{f|L|Ys8tAJap$y<T8I[o9C ppx( fNAR.Eo)99sF3baXM7?\0\'x*oVȋET@`咮Z\'7W\Z:`p;)-NSΜᷢ \0l\n\0z(^p潑mBڊ&MMu\0MExk)>Udכ\n)ǓkN5ưn9I0dVV\08E;tw\r\01h~eҪv.x./7jOOU?','2020-12-11 13:52:14'),(636,137,'audit/db','xXoHݿ5if%wV/(L[\\fM[^\\\Zy>ϡ[F	#e\roT],^FNebI:F`2]-l:\\o<]r/_ W0WAE^PyҵD]zWB\ZՄ*EUr[.;w,s5;tb^.%*/	P^*0>7,[y)G^HGUk\'ɽjILHfWQ2\\BUPWs1G̑9qWnLƖ=5c+Iƹ{sj2<^FrjSs<0O02+:)f)}8yȊzQF_\'i\\9Y׭9{hmƞ6~{t0zaf\'d\\|T\\:0lc49w~T7>Z8zВƂcVa%\Z\\Fg[rԨO<2v*)NjlS_jVfAsV/P`]_v!3faffƳ3e(@\rc˜/Qwjr[]e,u@,åz{_gx܉X~~ʼnKhf%5v\'c*\rug܄qc	0lVڀ?Ss&Tr	\0@Tfk\0֕}P9,R1TQEV)2n~ݱK[ؔI\Z)HƯ_û~U5\0āl^Kho8\ra6QbV8zv7!ހs?\'Hʳ?O\rmiKnJ|PvyάEIv\"μ>]MTis_UMA7ǫK6EgvT\0@ETwԋV49tTB*7	','2020-12-11 13:52:14'),(637,137,'audit/log','xVoHb)6X!NB@I`OGZ\Z76	v*Jm$yc\r|\ZdNZ룋98(!Ƣk3Qwؿr4AI7 VVb~x\\[ęMKJ#NUZ*\rUȘ	3+7AfIvz%ךdl>	:;F8liƑ٩\\,3&\\܀23N0`<i2&3}MG8PݲgZf	vWbiXH\n!&%\r`.ΑxxIgnϦάSvZ\"C\\\\U**h7!jX`<7tY8$Sdta|Krd\\\Z#c5.cox\"zG#\Zԙ&T؋ڏs0	47is-϶>{\n޿66ܚf&\Z2gy\\X,\rG[	/h\Z>xAؚ$y+RnvԲU5s5ĻZn9RObz|+ȑRFus\ZmPV)ٛ1	I8Eb-Ul\n70A\rp\ZiU4u]\'|c#\nAOE%	uI\Z&:3fL4rUnP?|*4x5x+c	/<E,\'/uV7ДҼ6bU^e<XIyE;1>OlsaT7~Y=4hkUoMIl+U#2UԇƅSeCJp(NHRթdMZh,h zDn̊_x4*oU%J:y\Z|XA;KU(\Z.C6&@OUyhX( q\\~+m\"%VW&iU,tۆ$D99pGD\'bt\03Chh=#_ /nj@ډL&tRbоϭ)*bAC`M\"G-i \0:;Ŀ2yo	\\TDn?^cZa\Zcd9iV?R*R§~>eXzۄË^EʻoO^݀xym=:߲I\rN\0Ï;dZyzM͜','2020-12-11 13:52:14'),(638,137,'audit/profiling','xXmo8_aBl\'1⤔/{V$$$leWg\'tIлk	\"x</3qfSf0%a,V0l\"V4dAȕ:\"Mx\ZBBuiNy\\U=`H9Pҟ(xqq/∁p~8So2\'-!P|ڒ\nS0SA0\'Zg\"4Tb45q\Z!HפW/.e\"`&bC)\rw>oȏƄ[0\Z:q~5krT͕Yqi!vy(<;4%HE(+rrzx.-aC3zMRBWTVFZؗ~gA\Z8ce,VX!g˂	&ݥR`Rum\'0H=WbIX\"Vx9yt={80zqϼ`=!7stL\"*$ֹ5zl<4OViMoy#L\reEimj渮\rx9W-kx6/VNH7A|_qCۿp@;7T=p+$3VRG#)%vҺ6+={ھHG|{6]z7GE8RA˩\rj^PU)Uܩ5={ƾg{Ƴ=e\0caπji@\"W=\ZH^VMTj/2[,R__wi6yv^݌dvo,FʽEd,Q8cP!u(ƅ5\ZRz	\0b#q*0bqr\\eoˬN]f糴H%!24f|S[TP|8$Xkɦb\0QnlT\Z\rm\raUPXsBb$wsՏsXsnϹwy\Z>y8ALxff[C$:mZD/*C6UM5j!&Kjj⽢zzPD,U9a1*̊{Wԋ\ZVWuJ W4Jo2[','2020-12-11 13:52:14'),(639,138,'audit/request','xXo~\n)v0L&U%4kgխ+%9yqKLSr5\Z]qחL9(eFF7]\Z)}|QS*S聣u\r\Z(	[+>P\"e8m\n6dFpA7<ea{fUy.o=I6=^sVj+̼y7Fkf>b-cxYUiq-QP2SDiXJ5J8~sU&TpVDM}\';<GyG,?\'2?\r~õ8*MqF\n՗0fhw!dxqִ8͝k/*A*\">7}s.PGpe5J3̼^S-1,8Ltj7*\'˥*Kbtڢ$<nw,]HVے SNTT>FRiHZ\n^@\\ں\0WmU6OڀOS<mPuK$2[7۟<mbi\n#\Z-:e_B|S/sM\\*$yynwy)M̦\rx9֍]o#6Cyo~oY^,a/_B_OPoG[ιjS&6!{BIWT2Sqw)sU aN14äjY^Z\n]#\0âHgݏ-ݗS%qAq(+@}sN1W4?RB(\"1O#H(76jC\n8A)\rLj8%4:8\r\nLҩ0?FwaR¬GfrE!i3##\\FEN	|=o3q}1਀}9MھjM#JWym%(q\Zcd%p)#LX}sࠩMLg9)-=\rMwɽA`h*rtTShA_^hQN-7%I3iͧͦɕcykTr@\\[c5{]S7khͭ͵\\`3\0/UP0m#6:fǵ{{VrImA)E=5;K]]]2ɷ_(1q\\d/K\\9mI \nc5.o1K҇s{\\nfM=P.DA!}Q\"46m6IΏvRsx8_EY5XOFKS~AA\0Vo=A\ZBKlU捉!2S1(gNrL`gdTW5+KN*oWS\n;Ϙ^9sY+ӦcFd\Z%P+eSc`N_}M{PVϾ\'TUUPu]KQ̣bv?o6\rSV6J$\\BUחV\"R_܆ܞnX^amogApeȤj#pG7p̳U8ny%3|R(8EFwa2#k::8@qQl*ߖj #\">\'t[[y?s٤fc tzmo^=?!};k{W.0qE{܊','2020-12-11 13:52:24'),(640,138,'audit/db','xZmOJhQLߦ%ܤb]a/܄ttK[n[~gE\n(~05Μ9oy8$$b@1B4v#SLѹ|WmG8vO=?0gXM@D/\nB`3x׃f8L)gl\\LIf(TUIVTL56Ufb7tEE5\ZLjw$vM<ӿ\rkT\r<ԒxT]umLq쇄)Twf\ZR?\n8uY%i_3F̞RM1N>C9QJ	7\rɟb7UI\n:G0\rm`\"L\0``:-;c4unvz]+,GpGQ1t‸,K ,ٵngÞuڲs21!1	G+*sy6&b5Lx\\]Z|{W粽Fo߅\r}47)tC~-kY\'WhpEc\nt6+}a#&N¾\n-[Q ^x_!x\'(s\'S!hy85J*kNۓ\r(3djq*9䌒36rn}8C@ʓЩe۱=&ܫQ4u+ӄCc]w|ƄF1IIE||=X&]Kh\Z6nr1|,T\0U*\0}mJP:\0Ȧ\n/y5JIaj-ZHy]jUe\r\",6YA%4ߑrJk¢H[a_Wͧ~hU*^(0el)\Z<)Z|JuЇoiNեgE>H=ʢ+7\"H&뎅?>\\aưlTJ6+`94\"=4QZ\rϰOf+JM7TOEOgyW*S2Ņ2ȴ\nvbyN_^J(P-{:\04B6	w5DHt	7\04߿\Z\Zw9bd\rI/\\x\0@F;xG*0J\0\0АPRK[ȚRn![rUǦc>o;%Aef|P*	$蒠4B%?j̹MfD\0ϬLǱ{McInCBEVT#]6h7~,	x6ۀ;y6<e	[7@y3HeuϷ<P`_)Mw|Zqdâb^c5~!^;JT~, v*MJa,','2020-12-11 13:52:24'),(641,138,'audit/log','xX[oH~ϯBJ3b%8mZ=!Bm-\rZT<~sgj4uf,>`\nYoE~wt۳lgلEYk-bH!G0-}Mǝ8ȣ%KN(<AUtI,ETrfU s$ZVLkMg>o~a\')75A\rmi41LJ	QZw8f,:ӀY=49Zr$؆8<7şÃOeIT$I)2Ĥ?g%r7(\ni֞Ӊ7my	Z\"Jc\\\\UUp!\ZRv욝	?v߳7[Fl|%ed|c|:XQ6fc^Me,$%,r7ɸs,uGwq:<V4룸ѝ<:mɻMo_?kFfe7{ͧwu\\;ب+6Nqco4Fa+\\\'ޓrּ5*-[og.Qo||/<RpPP 2ڨ^j]YdcKS?DY$2r*,s0D8MEUEʒ?οW?a4,}7aN<}0#BuLHls:VIk\ru\"Lٳg*+XUbĊ+?0X5y*m7ɰ:_̖|007N=-_ioDƪ\"(^+se\\ٸP4~TLTJ\nJN2&B\"R9MqJ?V<ljG~ֵBtUOY/\"y^ǒ*|&8bmcxGY*Ut#`\\V)L֪\\˸S0۾*.oU^3tHgx4Huggr`_Ev\nWCֶ&Ez^rjܸٞ_k>?M	l]za.KScl䧰|!o{x^7ՌoKd b3z* *W`\nǷO5ՠdU\rd_5(Ϙ2?8mwVM7r|	w*D)M8c?U|v8#$Mk5w6Ϫ\'W8М%َS$)Jw\r8Bz~oM6\r0ze\'W$9DHr (DTQ׉~쐅qWk|ncQ;JPG9ԃ_JC_xq]Z׊\0ñyWycc>|{C]&:7|x ','2020-12-11 13:52:24'),(642,138,'audit/profiling','xZ[oH~ϯx!Y%_flJqt	tZ		;xņڦ\n{f	)Z}@b<s3vMYX0obC5YĦj?`g%l˄RQűB5n~p%.d!Ki0\nC6HQhJ424GqR}w߸~}bz=l*\"e*QՒ&c)WV.qS{6fx\\BoǾawI9e_ƏBꓡ2(>B>`K:ݐ,p]4q,fS[\'ӱP\r75.I)ʌ[z8\Z1!G]6K-zhm~TkֻtjJп$:`EK:zeRz:Sq9S>|/93hsgegvݮuN$q>&Nɩ5N˺it\rv$-9$r0s;W8=a̖}mF;w˺&b,byyȥORl(\n\\~,]ƪ_n8\'75k[m[oJp5fC|*>Z:VƑBPX-nRj\\ml>Lly\'	y־25[_#c8~ߪz7fg9)YN^^SU*.%^LVc\ntssF31gVg G3TD夁,iVG5_jh4I3Y=~}#^~ǑDMIznKE$iy8zTD-%xlwಈe,_ |S`Gl<	d%,3A%.\Z#\r46YF$0x~e?vɖK\"oM3~\ZYUYezBX/{5ӆ4HG]$%:ewUr34jqkXkޖpyÿ\ZZt\0CA~UD$H=,{\02\0(\\q-ϊ7jNK/ݹW)KY)\Z~6`-ˊfd?Ә)U]ېz@T\nH5t\0\Z\0%%@cc}Y {S$9du=	;f`!#p\r9=@-u5o!-l!svl}+o,	:OytHлVД9Ϛn5&3\'+cpӶ;M\"\\ªjPPKN~n?p*6TLeSE\n(2V6@zC3IR^C!-6CN=\0|r>f@V:Ky!xxY?~:==qBx(I@z=\'DN2au^','2020-12-11 13:52:24'),(643,139,'audit/request','xXyoH?ULm\r3i\n\0wv&r#!3\Zv+~;~ﰑ)o\Z+ZߞrSZ^bIkȔtŬeEgtO)VI^lP\Z5NDqVGKl&ߣ\ZjC|7LSrVG<*\rY|51}WY7\"B0	Z,bjL 8X*(+\Z@ )3B5kجͺFh4\rȣhnwxV4^^DY3yqX`%n=R\"G8H(^V^~k.?]-LLqTqH%*@\n׉i6hOv#P&1re\ZOw]}d6[Smq$}Tj#78I}cZXRzSVT؜77lqlȪhsC0fC}`Mi.t9P&V@DB\nt4XBt%[w\\+]W$WUR<K2s0ۿB,oS\"+ͬMhZ(R_Nj3Qo9y=:B24Gqm,9s\Z)5{ 4(!FRy(U!^h\"4 pZףkQ\Z>p&IXqia(y!ra)\\wW).#.IvI=/_spG{my=ul 0rȃAQf8HJؖ|7l}A_RNDr\\LNݨ3h^^lr \\[\0ʪ#q!Bh(ap\0QrSC\r#/T/A9*z[w;ĸך[_Pnq)*V7|gxHLblYi0#LiMܫ_,n\r_XYDLf@3rH{\nBImN :HN!$8|UBDjN|T[_Ѿ֚BEtB萾XQHD91fVUy\Z%#QA&*l>5*L\'&6oۦ۽ݻl}-|w;yc<bW>}n6ƍrWj(>_KQ,$ː&R29Ά:Hc\0%)HysSQCTFXYe\\:\Z*/<==Q`MW#g(:zN9??XK*lǳCqJe\\S?T;uLEiٶ3\'+ҚOT9#mGWǫ֨;`[m9396hUΟ*ۮ_[]~4tRv8I?<zUgY4q瀬۩3\'-fhymM.\rOw+cφ<I幾z#ƪ]	I\r`[<\Z˶lB!NW?a(6,I\n$4!^?]$\n$ qޔ2n\Z&*GSC~AaCi+%!/5lpox-7C1\n,\0i~suN+\0M#k^|VG3X k3t}\0:!)@x펁gMJ>\06DpVj\'I\'6&S\',oP^=/ׇC[y\"*}] BQP={\r-\np|&ױlMvϋef]v\0\Z\\\':~m?bR~\\[Sz^:x{Ơ]*s8:YgZ`&B+JPM<rKG@-s}I#]?[/=?;G1I3=ft;\"id}\"t\r1e:}$5яl(J(7k','2020-12-11 13:52:25'),(644,139,'audit/db','xZoHUfx	t;{DL\nxMMjb{?\Z\"3＿uF\0Ʒ1 IޓDPo!+~!h_u>	VKhvZ-\\v;7N=?0gX\r@4@*!|QgMI<c3Qݣ$2媦h@Rjv\rY(?&\"]QVN&zQ\\%߇5qcjI<:<B8CBֹwpQpOҞ{;&3	\\vj\Z$3pΑ0$KQ*&4hg?\'`n@P݂\0	LaE|01me5{GqNivvk^{öyc9i(\n4v0n@U	iZVj7a<oY9ܑ#\rSk*syG6.j>/׻6[gz#u{an3S费8Mg:u_Yڬ+g%O\r)W֍YhbhpQ>p{\rsi݄dd\n2:zv:PɑAe}i#\r!qVrF%g;:Ұ(C0m0nV\'uV[5\n8lgx{ҟWO	\rb~(&nJ<Dl-[80ZBFOgqtSS0*U\';v^V3\0\0\02H?z^#ՕER෥6<2N[,fif:ensӒ0%(6dگui/;ⅲS6Pi˅>dH=+:0!Ox\'ELWt\Z@R]Yt@HyP7Ys,4ߕ`.-fz>s\ZT\r2XG?\rCE\0rhK3lYR\0̦;*ѧ<k)BՀidZvbyI?PRE\'\ZFH\0-л5\Z`+.@cem47o sdH\0.\0o\0]Xz	蒚*;Af1߷QI%A!T|P*	$蒠_4P.	$f_ۂ+Y8	ՖMbݽN6$K`n0qTCNh3kR+pEUAi$NjW䔢;Etf~PV_\0#hc: CI+!{`pe\nHC+GJC8o\Z>iHUpTSbCP`@(\ri@>B7KYXWVXXS􃏅.I<I]U/kG>r,t(&','2020-12-11 13:52:25'),(645,139,'audit/log','xYmoH_)}#NrӦG᪓7lSJ\rbV$!JǻPL\'T%3eIܡ>I**f}BWN{MBW\rcҮïɨz~^x7Ŋ*JRCUIΉWh֟\ZpdZk:y(nNǾӰ	bYK3ݦ\ZyFDk3?d\\(!yf\"tS?\n:\rSɌY$3\'Ijɐ0dkRLL5Bkg|*sI\"Ip]R>YSty5;eyF$mM؛{	oǵbFFysU9Wt;W);WUAev}.uA߸]ƴa!<;>ݦ=[aξyenۼY-Y2orY\"/K?o8pI\ro\n~}wCJe+j^78k;2Ak#,-^>¬u<j7oJVKpTfGރm!ρ;	;>Hu1\nm}W걦`I%𒡗KVkO4i-RZd/}?s|cNLqһ([wc̳O_FghZΩ	s.hUZCh`x\'=k\0u\"3LɣgAVD\"D/+\\`c$]VdhA~lɖHa}F\'k x%lą2a\\h#h9LTJr>\rRNŒ&-)&?oEFE9dg]x$!L׈ .m{>E;8K+?X\\o\\Q\0QYϡg/  M\npnbahm%jĥr)ci݋y]\"WYыg\Z³bAg2`_io},-ֶ&EzƦW96xl^:y/3gDˌ۾3NKA`t2!\0GG,$.\nN##_6qf 	F咼rh \'&I}Kh6cqҴ~W6jퟧPBB.lMU|~4jAn:4;x5m=N!\n&Đ!9HL^j5 HU:5`>5$I8e޾^uϷ\nU\nEܩ]wDх;4MOP҈p+,M\Zn]%fٸDlSd{8&Ѐ+ MŀQWEt4~`Ϊ?yU<Z6yCoyu\r/Y/uǷẐy(&b\'xW?\"b> 2hpPq_Ϳ,m^b-V5dG71Jarsm*\0Eq1MSL}A/9','2020-12-11 13:52:25'),(646,139,'audit/profiling','x[[oH~ϯx!Y%0_C6Z		;xx6Ui3cń^%1˹}q	&_R@(j>@Ū\"RT ]E2\0*PEc:_$MJ5@|	bW*\0lI=>I70\nC:L($R0M>s{yPُj|Ä LJS{rLCM5dM+\Z_/s2]\\pKI.Rq#\r(>P~*܉$VM~U?KKF~HPP!DӮ0.$\rGnZ)XHR\'\nU -=w\ruOOȻ23%h]̲~~/Mn[tiK@4:`+:z|Yvm8崜tLg.}T :%g\"Mfb/Ugj\Zn[M=ؗpTFew;];h#0RHt߹\\_6{4	Xu3MkeMLiL!)7\"WJ?˰ᇏQWDu]lF۳/֖Zu曙\\M:~m]~Hu!(Ypw`n^l6Bly\'o	xkݛ͇/T}ߺ,nB/2s2Rf-^S]*AysiO9C/83^匽zJ!\r2U΀\Z[tײNWbkjq4IYJ$??OoLt9Ø)wٳlWW:~:\'?,_\n_Je\n+=nk]vYF\0+  &\nbv/^rŕ~bRYCQOx[hBD%Y-0CU3O܏خrRd?F%?Vy#`U}VV\rL\\XaLP)h9d\Z\\2BVN\Z4<o(N:bU)H D#\ruҸ5Yq,4JpY_^veAv^_iO\"}oУqaNBۿeZT鑭豥	Hi.ϥ3)߅celreOJ(Hɳ[4fh]X\0-:Bp\'.\0\rdE*,}(#c/\0\\\0x\'\r&oP204ZYrA>2ώZb\nA}FHɞ( 肠\"=+h\\tAG hE>?Rݍٵ8JMʼY{A\'J\0эrߡJJ1Kujle#N3_\ZG=;k,F19\"n_7p3;Xm\'طh\" 똎!H3_ } @K-(RrI,$*Q\r#]fSG{\Zܰq(ei\nwº|,|ǄLީݑ\'R4U}zړ F\\?/C0@r','2020-12-11 13:52:25'),(647,140,'audit/request','xWYoH~_,EJvmsc\'e0>vl\0dP6`gF[݀sH+CTWWWm5ZZmF\ng8sVro3#pju@.i?mq0\npJK8kDMj(	K\\>ZS!f8m%\n5/zX1<aFa3{Uѓd]j\nsnGuf>b1VijrMIP2Z4,wpqR:)ksvou>8bDt<rv=@,څ\'4__zf \ZxPĝ\\,,Rʻ8e03:\ZLm`\"@g\rөtG#)+(OcZV۠=)-Wȏǰ0t0uLvoUNU1%YQy,JϷmx~.n}ʂZrs*mIcN\nx(x!+Jj\r]o3xD$x(A_ؽScp͌Q;W.	E)Nɗ<X,-aD&\ZF)nmDk5>!{\"N?4\'qJ\'h5&W]\nTmpWT</Ksк&UG-ɫ\0z8\0F$N:T*\'aXsW:÷I3ɂqLV1(b#bHDq#x3m{;=)ZnP6\\EH4I7%;Iv\Z*o& $\r\0MZ|HGC5[\n!}S9U(EJoᔐ(sqfEM\"\\k\\%ZD#[I̡P#\\AVIYﾍGc62G\\w\r,Pd,Z3}s+L~aN\"/ܙ91p&90\'gZ-\Z10=Ú5DӇnh/Ț4\'6{M0Ӕ-V5M51m)o*,^f]\"];\rAe[E魈+Ŋ.r+ئ>˱Tw\"GA04sǛ$&Y?]f\n ًqn<g؟.mp\r\nfzBf\n+42]<Qt8t2(g\nLa\n3*R1bus!fU.,7Mm=kI/^aremYn9ui>_Bsc\nOD.\rΪ[-$$pBe@cAY?hzH\r{C:O)&$Im!]^vO7g,_\0촵nK>hdml{>Ij.gCb4\n^|vRNv.+UñF^<\\%MAtT;H@rwa(ҫHrɕIHa,ѼQX:6G\'mH@ӏ@K(sv9Y{m{ޢjߋ>','2020-12-11 13:52:25'),(648,140,'audit/db','xXmO6ίT6v[I&դJIdk.IW	p\rE*sޞ#(kN\",5˥>ۯ|ω9|\'مtFǒ\"[R?\"\Z2  Q4/4i׊ek!C5YzXj4)QHWтIFK-K4^}.Aǥ1<Xu7RH(a!_z|J\"Jq5+\\z`Npb*r`Ak$	{RzYtԿ*0D\ri\nf)H1uXck\0?؎;5G~&y()?z!LzɩujM-{hxilt2v2,\n[5:AU\ZQrf12ܑ96N;ϓCGfy`0Lסə%PdtW`.=H+BxGʝua6Zx[JGjyp{RzvNPUJz9\r@Zw5j2Fe(Xe2}ط}xen\Z2MLM|zˀ\ZW\Zَ5uO4KWg-W9˼(h)z\'f0/7iyd,7s<pʣu$dwp@܁_Y._c!P!*\"HmLvnnc:1~]	U8\r\"jH5$jvryNoٷlʂ4wUگ>{l^+h;Ս>T} F5agTE5 ƞj{4*=?#ӵ!cWY9CQs#NibN\"H1xs8#\\_\"z>~лPߝoJmE{VT}NRdU՜{E᪸ujE骮G\0','2020-12-11 13:52:25'),(649,140,'audit/log','xXOJݿb/hn^RCz%$tW~ڢrͶQg3ٙ|vf!\"yLH$Μ%`拄H*kt~5hpu94xtlgIt4^ٵGDp	MzQ8!%+.(u(UAS۲&+\r(Jg+p|2x>FY!X4XH9caK3ݦW\";Dj2nc9|ԋB/3޲o;IIh%GmtȠaR;yz-I,wxHJT &pNQGPJ6JܝMCg0Z!hHUp%pW-Wiu.\rMkt_\Z6MdC4v0 Op?AX!96΍1gSK?31a1]F)w;&K{7Q8<V$Vӭfϵ>=g4Zc2O:=O6fF㍆TM4F:Tq=)7{ƥ^lp{.IQNn gJ2^*]]boǪ oT2dI$vd*Mcl!HyG2[eG[oo1IKolߍ2j0a=RBqQ]pCl5xɰ`UND|\"H	VG/v\"쁹2,*E:}T O\Z<Pnja?q,r\n@;6fn=YͻGW]0Te$066&Inh5KJrz.qrS40f	8P:1\\}&ޙFZ/q{BM,GH\n[!e7|}TRQU*{\Zo+HEު\'sR\ZG>-iPz*Մ1xbq:.	*\'JezAFr>g1X.A142\rd2TTr>@ŦRKk5e\'2ˈ.}Ft-[-}9j\n ]oԿ]jhX?25Z˙n?uwӰMq6\n]h-Iڢ(ʂ,cx5\rw`ے\nڗ[e*vG/t|{焒[-5\'?5VUqMie]}','2020-12-11 13:52:25'),(650,140,'audit/profiling','xXmo8_a%&1/qhJ_ȮNܖ\0Y U!mdnuW%RR<[FU*E,J{RkQB<	(lj:D5(H.ew2Q鷐bRr	Qi8gq_c\'q<Lb\nˌ$Y޽N0؋~ aG((t`:tЄ.|.\"jjhDibEQ6OW/UD<pcKJ-o>oݲ8H֔kx!|-0oe2Ī9K%&0f(j\".\\3f7,]nɟyYVHh5,U5L_CHaIV	΃m/DWK*2gu>N>\rˁNGK;,{wVQŇ(/d:GT`*sU\n̶N>XXjU,5[̾ٳ\0%dyqO4<-Frd#s3O83)b)}85U{eiUF\n\\Wﬂ|w`?}[	&\nz\\{mg.\'\r[T\\X` `N([J*[sҨqk25Gz x꽌J[]-.hTzAc]W\nɇzDP}2v-c2M*PC_\"XmH.9O4M9g-pK0p.~?;7e,w\"$ž2/g{\0>iFk{\ZHM7a{83mj`G$SS4L&c>w6<M*?Khly5R5E\\yVb9<0-1?I\ry`\\m}>ާO^UGcalR&+C?_|7\n4L )VT#喝;PMEڳzJOdi7Xv9tYm,PR\'P\n$`9pFv+D	z|w;=^=\Zi5a¯oYQ9I҆圤{E*4jEi뇿;f','2020-12-11 13:52:25'),(651,141,'audit/request','xWYoH~_,EJvmsc\'e0>vl\0dP6`gF[݀sH+CTWWWm5ZZmF\ng8sVro3#pju@.i?mq0\npJK8kDMj(	K\\>ZS!f8m%\n5/zX1<aFa3{Uѓd]j\nsnGuf>b1VijrMIP2Z4,wpqR:)ksvou>8bDt<rv=@,څ\'4__zf \ZxPĝ\\,,Rʻ8e03:\ZLm`\"@g\rөtG#)+(OcZV۠=)-Wȏǰ0t0uLvoUNU1%YQy,JϷmx~.n}ʂZrs*mIcN\nx(x!+Jj\r]o3xD$x(A_ؽScp͌Q;W.	E)Nɗ<X,-aD&\ZF)nmDk5>!{\"N?4\'qJ\'h5&W]\nTmpWT</Ksк&UG-ɫ\0z8\0F$N:T*\'aXsW:÷I3ɂqLV1(b#bHDq#x3m{;=)ZnP6\\EH4I7%;Iv\Z*o& $\r\0MZ|HGC5[\n!}S9U(EJoᔐ(sqfEM\"\\k\\%ZD#[I̡P#\\AVIYﾍGc62G\\w\r,Pd,Z3}s+L~aN\"/ܙ91p&90\'gZ-\Z10=Ú5DӇnh/Ț4\'6{M0Ӕ-V5M51m)o*,^f]\"];\rAe[E魈+Ŋ.r+ئ>˱Tw\"GA04sǛ$&Y?]f\n ًqn<g؟.mp\r\nfzBf\n+42]<Qt8t2(g\nLa\n3*R1bus!fU.,7Mm=kI/^aremYn9ui>_Bsc\nOD.\rΪ[-$$pBe@cAY?hzH\r{C:O)&$IU*!]^vO7g,_\0촵nK>hdml{>Ij.gCb4\n^|vRNv.+UñF^<\\r8[*==&zP\'.RE}>dwr\'҄JrK4qOe=(\rYE	hPiWJ0ixք .۞(.yc','2020-12-11 13:53:09'),(652,141,'audit/db','xXmOH_1KmotnEnBf&0*@7j]욚sys	\"_s!y\\kDdPs\"D/&l<xvil:\n¥I=~5.\"SQ44$$\\R5\"\"_A\n\'\nwP&u(+De&ahHD7I\'3<z_uR(T~*	(M>b7p[\Z)C\n~H\'UYk\"N~Q8DE\r%SP%<Km͡3Xy]o8lgj,ǵK\r M\"p?s\r^gҋU4HN3sjZCuOck$[_ށ[UkDu>ϕyݚsFmo^ڣ3886uh8xrA	Լ7>Y8za`l#)MvhqkrUr{}Vz?G*\n&6z;\r@6ڻ\Z8IEifH\n5>38̌xqfhzy@>4ʔFmN7y~TcxfneW(b^1-nr?Ȩ_ߌ̴Q;\nڋ޷=m.Һ3[E($ D@}H4`6k)\ngӐ.&TCqX>1&LNifឺdX>;gO^#؜Ky4\rGC՟1BjTâj都wjT$VT{)BӉ0poHfUV# #`8n7 A1rd7H{!=4n4}U?\'IPV~Bw+.2to\r','2020-12-11 13:53:09'),(653,141,'audit/log','xXmOJM:3-!ܤb]ً&$tFݾmQYgZĺ\Z5wMĖ9/9sNtf	kJ ęvc\n<4XgKtzq>hxlgɽt*4^ٕ0K@`VYyބ&(3})mpC-Uoj\r͔	+I|*\\yEUcXoDȣ>\\aܐK=ݺ!jE*\n锐F;j\\cg˽#O$I&	CQtȠV9~x&=QM#B.5p!B/cn1>3wgS>kYBm b,mo\\MF1-ov{~oҮ\Z`<禍ِ$/L2s\rg2K$G92]d:6fA\'W\"+4Ῥ岠^;/&Y^̍{F{?Ϳ1\\XƧ5	\r<]cll\rG/Yh 18yZ 3y wꞙF)ǣy9JT3n(<AΔ2tjVmkߨe*[F2ptzn|Oh­E2[OoN$1IH܍\nnF´~5RQB.qQ뤆5;dJar1i)`]Lq\'\\@[ZN.&ULMw\".$)TRXٝ\ns#~f!c߈pi>S?oÇ-(ޠ*@񣳉t6ɜMrG\'G;!pƐc`ptBZz#+yv[&@Ip=v[1Ewn4`	YQ澈rђ6D6d)$Z$[]H*\r_=q}g&@lh#MFnܣ܃-)#Җ-ha{rEUd.N6iU\"Z`p]J#l9y	</<}A籔4254hf^>M)K)\"s89rhʩl5uN꾊zI㈯RO̿]j\nyQh/\'i[|g݁1sacE1@Q0;kh\"*~TT鯨sYF>x.yI,c|B~({N(UɢFWUv	MT.\0ܺm','2020-12-11 13:53:09'),(654,141,'audit/profiling','xXmo6_a%6y18$җ-M@v5)p[\0@^φ\r鶶ڪDJbyyy>jTYfwR\'2ԑNN*Q̤NH!ұBjhP1t>ey_\\A=41\\BET\ZY%Wi҄.:i^tN;4c&u\nse*E$Nz+4KH8f(D75tEUOU)2PR۟7,	Ӭ=e!]%mn0*yM1:_ϥ\nY0acryXk.</%HC(Kݼt\rS\'sQUX5Z^D~rCW6U1*ute\nl}+wYRdwzq\'!_lɮ`*L\":\\TXbX`IX­V9;?wLx\'EGI\n{OW4<-ArdX#kг]<[5dKk&kw҈4}9f]m/X?0ӥM0>͸LO=-\r5\rG\Zv_Pqn98~ARjT\'7YfgSWhXZN|9xoSlw\n2PUJ*z9uAZ\ZUYT3YѠ.z۞/Wn3TO34(֛m7|U㕚xena4G1/ܘi9d/Xزn+\n֎ݶ-D0<7N-ZbxB\0T)4Z{//.nYmL()*g	Ӑ*@!Hדs=h-#߰,ܐWƏ_%~U=\0~06&Ieh21%1>1JkT#XJxFMÃwɖj[}\04+=9\r*=6l^|0T	*AP!sueH,k`\"ID 0CW?o\ZJ(gѷ>I*zyW6\\BmEW+\n/7x','2020-12-11 13:53:09'),(655,142,'audit/request','xWYoH~_,EJvmsc\'e0>vl\0dP6`gF[݀sH+CTWWWm5ZZmF\ng8sVro3#pju@.i?mq0\npJK8kDMj(	K\\>ZS!f8m%\n5/zX1<aFa3{Uѓd]j\nsnGuf>b1VijrMIP2Z4,wpqR:)ksvou>8bDt<rv=@,څ\'4__zf \ZxPĝ\\,,Rʻ8e03:\ZLm`\"@g\rөtG#)+(OcZV۠=)-Wȏǰ0t0uLvoUNU1%YQy,JϷmx~.n}ʂZrs*mIcN\nx(x!+Jj\r]o3xD$x(A_ؽScp͌Q;W.	E)Nɗ<X,-aD&\ZF)nmDk5>!{\"N?4\'qJ\'h5&W]\nTmpWT</Ksк&UG-ɫ\0z8\0F$N:T*\'aXsW:÷I3ɂqLV1(b#bHDq#x3m{;=)ZnP6\\EH4I7%;Iv\Z*o& $\r\0MZ|HGC5[\n!}S9U(EJoᔐ(sqfEM\"\\k\\%ZD#[I̡P#\\AVIYﾍGc62G\\w\r,Pd,Z3}s+L~aN\"/ܙ91p&90\'gZ-\Z10=Ú5DӇnh/Ț4\'6{M0Ӕ-V5M51m)o*,^f]\"];\rAe[E魈+Ŋ.r+ئ>˱Tw\"GA04sǛ$&Y?]f\n ًqn<g؟.mp\r\nfzBf\n+42]<Qt8t2(g\nLa\n3*R1bus!fU.,7Mm=kI/^aremYn9ui>_Bsc\nOD.\rΪ[-$$pBe@cAY?hzH\r{C:O)&$Iml_w{=4k=0+|2\n-yu\'ªs\\\re\n73{X{(x!\\uJ9yԻ@2TǦY:x@p-R$@ܥQJDEO֧N$PBP^Is&㩬\'!<?!qmCJ~4\nZB	F!\rϚu%P{~5Ƌy','2020-12-11 13:53:57'),(656,142,'audit/db','xXmOH(L_&X]\r-{	I;vl[δ(R̮kv\rs<9=B	\"_3b)bYFoY&u)\Z/4݌\Zgp>A<^lp>_.0wY+O_izO!-Yr7 HQYo),#[BU&3DjŢ} I,`_۸aiaL;K)VݢP\"<\0X,c?X#.pr^ϙ߱ɟ,+$#q̞TfZa\"$u됨IAXUq}C0;ګbe]QD0j0u;GxK#ۙ+\r<?<a1w\\C|5ܚXu:槡UI\rKYͅ/k@VԫGemMFT͊ns:mo󽣟ǃ_ma&\nk}\\c@{	/1HpFY{Rn/+ֲǭe:jTϗ<큀ӌ7KwJRꤎNW˩\Zf=V\rX5#Y =8C8{+XCub@4ƕ#ۚ8\'o|V㕚&˜xˌneW}SƣnSFsxM9Z68ndaaIQ\'tBF\"|@2QGo4w_n:u	ա˛,QyVI.Ҍ޳o3ZgلI\ZɫƏ_w#~dU?ج\0@-^wk}(;@Hj:VR_Sm9T{zځjA5\rjϾ0:Dzf:7$-x2-?\0c	(IWn	ד͠C\n~HU:]aΎ7OFz\rmy{TuL\nyQ^i^P\Z\ZR_($^\\','2020-12-11 13:53:57'),(657,142,'audit/log','xVmOJMڙnREP\\sZ:#n_ض3mź\Z5wb˜9ǡ2Oh$΂\'AJ4ZFb0@|hΊy錇ik=,l>EA+ 0*k&Lrڕ\ZXTTZk:e,so6\r>ʰ4m\Z⩱^fJ{!N1:YWM(2,x:q>k8[Ndz)0UL\Z?j RRʥ\n9-ytr܍9uݧQv|6Ԓ\nDF`2iUr	\'2fo\r\'qnȰ\rOt&l>&Brlcs3Ofx`tb~cR[.Ke{«(YܤofOA[=<wi2> L4\Zf1}Q7sT}6\Zo,`oh4cAf@(;3ύJdGrTf{gv9Pz\'y8)UR{OAERo۪{[?Vuwj\nu.Y2=h8ZpkJx<x۹cILY(;wc10-_O7aFCTuܐ[\r!w|ɜSKX:,#P~(&.*.$ʩAĸU5E*J+kyY7|(f;OՏįa7pl*M3gp.+1|(-]46^?î=p$ub \Z-Oѝ;*i)\\\nIVR𾊯xW&MYCIl%5yd2܈Tԭ{{\'qCڒMyXM8Xc K̾ǉ$=_dRWU@i#/\'/a,r^&\\%10䑲EyV>-GSI֔x\'u_EۂHq[O\n_.5tIUVh/\'i[lg݅A,IB$eU5x=`wX`\n~\\V6i»VE59	΢FeE\nI~JXU','2020-12-11 13:53:57'),(658,142,'audit/profiling','xXmoF_)ݵ6%PaS%$lM6Qr\'{gmr8I$(;;/3qM9J$YBbS\rJƕ,\n8dM	/]Te*\\z7\"UZ\'\r9:J.0A\'ȟűps=vf2&`{ߤMܒ\nSNU<(:k|sE°\Zuܤp]^x\\BLbΕ77D̒DKx7=A5oXrUΕiiRV`ps>\rT8<y,S/Ms	\"aFrZ.CKK*Өi2ҷC^JFJW++\'tzN{usݬUR!8BصJ̏`s]\nL&U\rM`\Ze0\r;v?[w;3Xg].BOHl,>=!Dz\nɁ}j^>]:k8?zdx^Qa|=K\"Ob5Ns\\VwYݽ-gʱVNH7QWڱVvnz?aI2XgrRxKʝι}iUzpާs{6\n<H\"@Q)UR{FR3m{eaH=CƲglx̏5isA9` y\ZTj2[d[.R@.ù|g\"\04G\"~\"L^گa&\Zaa^FZ\'fn<\ZgV5)>\"DTßQ;x~qNq/|p*V\ruPu[Bu%4by%R%L.ޝ>X	߉gI%nl#~ͫr\0*~46FQah65ueE}afP\rk3!kU?<[\ZDڎjA5FhA\'\"&W~=w$s!rEnRBOIbSՠlHךp_;LȨ`\Z4UTc(<*~fDUrx`','2020-12-11 13:53:57'),(659,143,'audit/request','xWYoH~_,EJvmsc\'e0>vl\0dP6`gF[݀sH+CTWWWm5ZZmF\ng8sVro3#pju@.i?mq0\npJK8kDMj(	K\\>ZS!f8m%\n5/zX1<aFa3{Uѓd]j\nsnGuf>b1VijrMIP2Z4,wpqR:)ksvou>8bDt<rv=@,څ\'4__zf \ZxPĝ\\,,Rʻ8e03:\ZLm`\"@g\rөtG#)+(OcZV۠=)-Wȏǰ0t0uLvoUNU1%YQy,JϷmx~.n}ʂZrs*mIcN\nx(x!+Jj\r]o3xD$x(A_ؽScp͌Q;W.	E)Nɗ<X,-aD&\ZF)nmDk5>!{\"N?4\'qJ\'h5&W]\nTmpWT</Ksк&UG-ɫ\0z8\0F$N:T*\'aXsW:÷I3ɂqLV1(b#bHDq#x3m{;=)ZnP6\\EH4I7%;Iv\Z*o& $\r\0MZ|HGC5[\n!}S9U(EJoᔐ(sqfEM\"\\k\\%ZD#[I̡P#\\AVIYﾍGc62G\\w\r,Pd,Z3}s+L~aN\"/ܙ91p&90\'gZ-\Z10=Ú5DӇnh/Ț4\'6{M0Ӕ-V5M51m)o*,^f]\"];\rAe[E魈+Ŋ.r+ئ>˱Tw\"GA04sǛ$&Y?]f\n ًqn<g؟.mp\r\nfzBf\n+42]<Qt8t2(g\nLa\n3*R1bus!fU.,7Mm=kI/^aremYn9ui>_Bsc\nOD.\rΪ[-$$pBe@cAY?hzH\r{C:O)&$!]^vO7g,_\0촵nK>hdml{>Ij.gCb4\n^|vRNv.+UñF^<\\TŦx/==&zP\'.RE}>dwr\'҄JrK4qOe=(\rYE	hPiWJ0ixք .۞(.yg','2020-12-11 13:54:13'),(660,143,'audit/db','xXmoHŚ:3q7{	P\nM7;+6n80sޞÉ>AkN4\"4}~\n_~ND38`8.-M\'WaT4)\'#W삙\"FDXG<8V4[sI@U%MRBFOdnDhAv$/;iֻ!$=OJ[zy.oQB9&JtzE&|1Z8Ղ-}!?K	G\'UYi\'?	IBXq}C,uU%}`bQ$LLUe96NgpbYkxAEGI&~L\Z<Ϥ8igԴfM\'4I@CYSڈ4}+7/=cwx^~=olL0Jks\\c\'@{	G/1`X/()p=)hfkrr{,~N:;@U)MRr\Zvwj{cYH=Cy=3=Ş9C3]+M)Lid,y\Z,][4s/%7,yƴM ~AC~33G<*h/JBz>.KH.b {pn:lOH$Dt{\Z0s*C$K@ܗPYg	Ӑ.*&TCr&65_>1&LNifូ`Xeu|6gOVl%ؼo\0hCUBjTSj&a\rjTSaߐ6B!CMGX51*qݘ1n BbE\0I[_E$˛?4Hm4}%UD(CVVW+[cCIWK\n?*','2020-12-11 13:54:13'),(661,143,'audit/log','xWmoH_w/40iu6\r/6mh~6$]#AyyfeݧjHSw.Zǅ{)ЋEʨj:Qoؿ\Z|4B~6QZg>*|j+ߟ٤qƾ,ECo-6Զa($Wv%&vU՚b*\"\'͙?Xi5Mj,n~$SBN22?>,w+BWO^i.a\"UlȡV;yx&=QMU;2%\\jBD~4Ggۚc(\\_vYwͦ|\r|I-@X$hUr)\'kݶVo|-ȼri#2fGT&9~!9D:XQ:F֠gMi*$F$\"f2w\\sG7q2W4룹ٟ>my`_׶n\rBDA0k;usG{3&.m4=cl-u<{Jn.+fkrQ\n|{..MQN`Jce:uQh뻶*^֏:JAu2喁uйhtç7\Z4Z,SL}.B~w\" i6\rEv^\"Lp}4ז멟qqW?Ή{ \rj(\rx\ZêN`r1i*ô~\r.(`VʩaEUd*Jnia?uY	_HxqTUf9(٢*@D:&ɣ78]P+c(10V:h!m,yr\rs&@i&p@5ob6Yi4Um3FN7CO\"ʕF+\Z琤[!m/loi3pWlfSID]f>hZ|ڊTԭ{t=$ miӆ&>WA&1\\$;%fTQQ~kAP#.f\\$Oa#rr9O|em@N.gvj,PvDpre [\\.k꒽%r@OcI=y$G0KR~AO.	5Vpfnw\Z#/|vJC0mDZ\\d5\r@j*^bnU7_<\'V[>_.{(Ji@MQ64R9?<','2020-12-11 13:54:13'),(662,143,'audit/profiling','xXmoF_)m$*T	6&qm6QrpI.j#;;/3S~ͩJiv/u#*C\rbtsJTD1!muE7\ZC85˥O_#J%D%Qr\rNA&	(M(szE:?fpBaNL(i\\u27+r&~*_|HyHWќė\n:bѹeIfٗ:pC_QɳcU{q*HQQW\\-5+6gvpb_\\喂祄Juq(]T:I><DTd`]>H]×k t	2]RGW欰ǟpJ]ٽYCIH%[k̏TKE)T^4G\Z!Lq5/`鵽xd;s0rܑyay{B^d~w2N\Z$\'֩5F}uU;+$`[?avn}(JXyZ30:h{/~F[båmnylƵo:p|^iyo<a3VR!%vܺ0={~JGrc9{}z?gU8RA˩Zf(kzLTEw=c3v=ٞ9P=C5r@4\rF5q\0O+5K-9(h!>?;1b^1+nr?Ș_;\0K<*X\'JBv:,KHo6 pf9|#H\nHn<qNvnCBdx%TYB4dʫ%jH.Rܿeg1goلinɫ\0h?U=\0~46Ʀieh65G|(QMjjPQmGwpE\'\"H_OLd\0/\\f`*!ªkQSR7뭞դ)CD~Ey-CWޝNQϣ/oYRAI\neUFIFHߕ!=<	','2020-12-11 13:54:13'),(663,144,'audit/request','xWYoH~_,EJvmsc\'e0>vl\0dP6`gF[݀sH+CTWWWm5ZZmF\ng8sVro3#pju@.i?mq0\npJK8kDMj(	K\\>ZS!f8m%\n5/zX1<aFa3{Uѓd]j\nsnGuf>b1VijrMIP2Z4,wpqR:)ksvou>8bDt<rv=@,څ\'4__zf \ZxPĝ\\,,Rʻ8e03:\ZLm`\"@g\rөtG#)+(OcZV۠=)-Wȏǰ0t0uLvoUNU1%YQy,JϷmx~.n}ʂZrs*mIcN\nx(x!+Jj\r]o3xD$x(A_ؽScp͌Q;W.	E)Nɗ<X,-aD&\ZF)nmDk5>!{\"N?4\'qJ\'h5&W]\nTmpWT</Ksк&UG-ɫ\0z8\0F$N:T*\'aXsW:÷I3ɂqLV1(b#bHDq#x3m{;=)ZnP6\\EH4I7%;Iv\Z*o& $\r\0MZ|HGC5[\n!}S9U(EJoᔐ(sqfEM\"\\k\\%ZD#[I̡P#\\AVIYﾍGc62G\\w\r,Pd,Z3}s+L~aN\"/ܙ91p&90\'gZ-\Z10=Ú5DӇnh/Ț4\'6{M0Ӕ-V5M51m)o*,^f]\"];\rAe[E魈+Ŋ.r+ئ>˱Tw\"GA04sǛ$&Y?]f\n ًqn<g؟.mp\r\nfzBf\n+42]<Qt8t2(g\nLa\n3*R1bus!fU.,7Mm=kI/^aremYn9ui>_Bsc\nOD.\rΪ[-$$pBe@cAY?hzH\r{C:O)&$l_w{=4k=0+|2\n-yu\'ªs\\\re\n73{X{(x!\\uJ9yԻ@2TǦY:x@p-RUn7U8T;P@rwb(һHɝ\ZJH+a.Q\\<\07Dg\'7mH@ӏ\\A[(sv;Yn{ޢj*w','2020-12-11 13:54:20'),(664,144,'audit/db','xXmoHŚ:3q7{	P\nM7;+67n80sޞÉ>AkN4\"4}~\n_~ND38`8.-M\'WaT4)\'#W삙\"FDXG<8V4[sI@U%MֻүQ(:ZP(De&ahHD7IҘ^=eDEP/=^%A	GLvpKc?eHRB9$Iiei\Z&/B!\"2Ge/oL]yM0%hG\n&UITTUncs\0x+\r\'L帖qizI^d~n;~LzɩyfNMkhilt2zM34t;5:z(Nr2㜑1vNۛddцmofU|T^:4c<9jޛLN8zሑ\r,N:}ᰍT<Å^Fe[t4,gszԩܩ\0Jijm\0k͠{V\ZD$~!J\nghqbx圁>TPt37\r0eSMjRtU0o̍Bߌ(6-\rL󨠽(	},cF*\"=UCO>A Az\nwIimLɏ/}	Ӑ.*&TCr&65_>1&LNifូ`\\eu|6gOV#؜Ky4u~Ѻч>Ԩb	J5ն.T{)WT{_aߐ6b$\Z d#b\Zڍ\"T!-t#H&5I7BM~wzy4R(o_D_~dE$JT{E\"ꡢ%#I_*','2020-12-11 13:54:20'),(665,144,'audit/log','xWmOJM+CIźaCqMHhػ}aۢ~ϴuk5s9gL2bZĲ̛! ,rE\'5lpN/{=./:.-hOXK>Lj 鸛DSB/XJYZa*aꅲa4O% d5j-i6,n|T`ifߴ1J1N1E׋σ$2X>!sy-xC/\n	H*hy\rc@4ITSRɥ9Y3tr9e=$7IwftBm:*D$`Y\\Sr@t<z5gwG{omA\rhҷ.lYr!YzAOx\ZϤE$=]d2{vE\'e,e$Ῥ岢^W N㹚dE^̍έ)hgew>;tZctO+&\Zŷ8]kd\\)ÍL;?yJ0ywzkrYjwum2PS:(\"{\nJWl}ۖPMX16*e-CA\r4i,r8]d,/9A|&)y9j.m׳ g ~Xe7d!5dx\'OVu,aHGdh*[VXNm]LeW153J(6Onn3\\J$p,eC\')Qr~$~؆t\Zٸp6.RUCIw130nAysd^\ncW{cJT|ѥ-1^.Q!KEAR6d)$e[]H*\r_v5Co	&kFp\'@5a5vACe|M=e=%iBڲ-yA.1[[Of_KRWYU@y(.f3 u0/ȣ4rAF78WĦO+k5eWA	]Y+}9A.R̿]j<j\Z&XrbfcKiqv;Rˊfʦ$dbt9`wVoLUu,.cwDc{a=\'s>0̊ߘ?m52$m_\"4lb袏\0','2020-12-11 13:54:20'),(666,144,'audit/profiling','xXmOX4Q/}M*֗Y	3ل-UK[-Fg{[5\0瞗pO	SJ1NF@\r\"UTRL	PuM5Fd]%\\@ܿb)GD1_b4$J!$aA	]mFӼ]S7viL\\	?+*E$N+4KH9YWN,|\"B1]F3_*Ty%au,dߣ\rFE\'ς)V\\0E	F1V+.IG\\?1;f/rKRBkea*&u#KDwEo]݀+#Lut	}:\n/\r.·68΁WﲤŊj>ı~[%|R`*J	\Z0Wo	LL4Y`ju05[wv\0yGCgCLx)EGI\n{O<<-Arl[ckط\\<X3dKg&kwڈ4}9g]m/Χp߭?|͓M0\Z>͸MN<+\r5?5nPqf 9<ڠl)WkRnOsѳt4-7vrsWS*IjgtzUk\Z^׀eDH=*g۞۞gpHP0Q\r37\rCgC\Z;\'oxV㕚xene4G1/ܘid/X/²n+\n։ݶ-6۰=oX_0\0\0\"T)2Z{0.nYmL+#YPEg	Ӑ*@!?\'Þf!goؘiɫ\0h#~ӫz\0~06&Ieh26G|(QM2˟gTk~zj*lCHRmKwpEG\"tJLzB2r.rzQtCGjsBUIݘ|P\ngdk~=.ʒ]+NWFZe[VT}N\"P64(+\r!CѶ_([','2020-12-11 13:54:20'),(667,145,'audit/request','xWYoH~_,EJvmsc\'e0>vl\0dP6`gF[݀sH+CTWWWm5ZZmF\ng8sVro3#pju@.i?mq0\npJK8kDMj(	K\\>ZS!f8m%\n5/zX1<aFa3{Uѓd]j\nsnGuf>b1VijrMIP2Z4,wpqR:)ksvou>8bDt<rv=@,څ\'4__zf \ZxPĝ\\,,Rʻ8e03:\ZLm`\"@g\rөtG#)+(OcZV۠=)-Wȏǰ0t0uLvoUNU1%YQy,JϷmx~.n}ʂZrs*mIcN\nx(x!+Jj\r]o3xD$x(A_ؽScp͌Q;W.	E)Nɗ<X,-aD&\ZF)nmDk5>!{\"N?4\'qJ\'h5&W]\nTmpWT</Ksк&UG-ɫ\0z8\0F$N:T*\'aXsW:÷I3ɂqLV1(b#bHDq#x3m{;=)ZnP6\\EH4I7%;Iv\Z*o& $\r\0MZ|HGC5[\n!}S9U(EJoᔐ(sqfEM\"\\k\\%ZD#[I̡P#\\AVIYﾍGc62G\\w\r,Pd,Z3}s+L~aN\"/ܙ91p&90\'gZ-\Z10=Ú5DӇnh/Ț4\'6{M0Ӕ-V5M51m)o*,^f]\"];\rAe[E魈+Ŋ.r+ئ>˱Tw\"GA04sǛ$&Y?]f\n ًqn<g؟.mp\r\nfzBf\n+42]<Qt8t2(g\nLa\n3*R1bus!fU.,7Mm=kI/^aremYn9ui>_Bsc\nOD.\rΪ[-$$pBe@cAY?hzH\r{C:O)&$-tl_w{=4k=0+|2\n-yu\'ªs\\\re\n73{X{(x!\\uJ9yԻ@2TǦY:x@p-R@[.==&zP\'.RE}>dwr\'҄JrK4qOe=(\rYE	hPiWJ0ixք .۞(.y(\0w','2020-12-11 13:54:33'),(668,145,'audit/db','xXmoF_XJ}-WupepO,6	p)䌣6ȎLvfy{	ku,4\r>a_#,cIŢs1,ca8.mG8N.¨hRdk_G1Eyx5qLV4[sIbM5d]C]MRdMWа&XXTd\'\n{d$L\r&1tR\Z˳gUwy,AR׫$(4	%W4&)C\n$K	H\'UYi\'?+IHQP}C0\rUԐb|`\"IeLLMc5nK``wvܩ9]6/-_0$/2%5xI/Vq 9άeS5?NFiF^Y{^GoU%i+//=co봳9/[?OF_m9n0Kks\\k\'0(&ӧ^8b6\'ipFS{R/KѲǭU:\ZTˍԓu*w*RZ[4ڵf=Q\rXPCU\0x1Ŏ)C7zjAi@)lǚK*5KWryQȗђ_(b^x1-nr?()hwrv%!o{,!4Ի3[.[@(aEjwv_\0n:=\rM	%\0MB}	U8\r\"jH5$nr~N1dwtJ4گh?{Āl^+h;\r֍>T}F5\r@._jThv;PMڳ_\"t_OMd\n~.PEΫWRFibF4jK:(+o|bzw;=<\Zi\rQBїYQ9IUE^QjRhCEG+JUV','2020-12-11 13:54:33'),(669,145,'audit/log','xWmOJMڙnREP\\sZ:#n_ض3m\Z5wMi<g*Ӈh-IyR8Q	ZH(h:^~ˋNGd;KSʮu<*G=,&l6EAK 0*k:!#@\0TNk5t-Y7g<l|!i&4ĪYdJ{!.1:YM(2y:vf>8-xr}\'I2	F*hE\rGU@dy	)eR<9:9FE*ӛ(Isw6eNVbI\"J##[%Drrru[fܥݰ{Á5t`\\62,dC4v0$ۇ5ßI ̓8%_.gT˒z^~:Gjdy}27>7ӧk}vipi\n&\Z2wu^{?٨96_0qnh3cAf@(;3/Jdy9*T3n](<AΔ*tzַmU-w\nu.YeJ7|>πqL\"{x1۹1$&4M1wR_گ\'^ʛ^}0#!ːgՐ\Z2\'s:t$#YF2B	8b{ڪr*hE9ɮr+g1\'yUMZk8zb9c`-q7َS#6|T\08^;g$w4yr3Je9=1JKMǸ\r%N\Z8	8P:1]\r&;Mmhyz\nqUTRшHֈ?$d[x_Wﬠ$\0n%5yd2ڈTԭ{d=\'qCڒMyXM80oAl >}I\"߫I^mf.Tb|y֡bK.vο XW\Z{\ZpTtrq7/M&k5e 2-}N)L-[XRԂx\'u_EۂHqV[O\n_.5tI.:RF]~91O2f8\n]eYJK*LQ0黅}T\\*Еms@sUF>x.Xn腎xQP\nLLY_\ZҐZcRTFG','2020-12-11 13:54:33'),(670,145,'audit/profiling','xXmOHh;/NMvf&@aTv5zo;zwkvM5ց99O	SJ1VF@\r\"UTRL*l\rCUľ.ܿd)[D1_b4^$J.!$aA	meNҼ]37uYL\\0aW)&Ti86hM!\n5Րu\r5B!ŧȔtyJ|P/ki֙}.we<:XWd%L8X0X&e<bqKV8lž=s?K	!vQtԽ\"<Uƺ޽Bt0AX+%38>A<<?x2>^˒\"6+~ReVz\n~,0Sy\rW`jX1>h,`j\Zn[C\0,lgbF;2,6Pȋ̏j:</Arb[kԷ\\<Z5]%B57\"b_`%ks핽u<m>s<Y!QnٌktQx3&6	2gJ{BxCuf6FvY*Gjn>/ݽ*A)MR;0h=(}AdB11Nxvb!>P\r<e X\ZHJmM7~xR㝚˂x˜ene1b^1+r?Ș_eV%!i헭Z6l#~\'W-1<@\0!UdJpkU9\rxM	dUP\n\Z!U]-TCqGW!gلin\0ƯhO{Tw|l*MKgthc:\'s\rsF5\rP._Sf\"cK-ށj*\r*~d:#ٖp?!˺^(P;R7ޒA3dDwE.ЕwǫFZe[vTDlhjQwԋ.iCСhG)H&_\rz','2020-12-11 13:54:33'),(671,146,'audit/request','xWYoH~_,EJvmsc\'e0>vl\0dP6`gF[݀sH+CTWWWm5ZZmF\ng8sVro3#pju@.i?mq0\npJK8kDMj(	K\\>ZS!f8m%\n5/zX1<aFa3{Uѓd]j\nsnGuf>b1VijrMIP2Z4,wpqR:)ksvou>8bDt<rv=@,څ\'4__zf \ZxPĝ\\,,Rʻ8e03:\ZLm`\"@g\rөtG#)+(OcZV۠=)-Wȏǰ0t0uLvoUNU1%YQy,JϷmx~.n}ʂZrs*mIcN\nx(x!+Jj\r]o3xD$x(A_ؽScp͌Q;W.	E)Nɗ<X,-aD&\ZF)nmDk5>!{\"N?4\'qJ\'h5&W]\nTmpWT</Ksк&UG-ɫ\0z8\0F$N:T*\'aXsW:÷I3ɂqLV1(b#bHDq#x3m{;=)ZnP6\\EH4I7%;Iv\Z*o& $\r\0MZ|HGC5[\n!}S9U(EJoᔐ(sqfEM\"\\k\\%ZD#[I̡P#\\AVIYﾍGc62G\\w\r,Pd,Z3}s+L~aN\"/ܙ91p&90\'gZ-\Z10=Ú5DӇnh/Ț4\'6{M0Ӕ-V5M51m)o*,^f]\"];\rAe[E魈+Ŋ.r+ئ>˱Tw\"GA04sǛ$&Y?]f\n ًqn<g؟.mp\r\nfzBf\n+42]<Qt8t2(g\nLa\n3*R1bus!fU.,7Mm=kI/^aremYn9ui>_Bsc\nOD.\rΪ[-$$pBe@cAY?hzH\r{C:O)&$-tl_w{=4k=0+|2\n-yu\'ªs\\\re\n73{X{(x!\\uJ9yԻ@2TǦY:x@p-R%6boKOOo^.w+F!\"TQO)ٝI4MSYO:?\npCxVBz:چ>h\Z:gC\Z5?-K^7:','2020-12-11 13:54:34'),(672,146,'audit/db','xXoHk\0;\\b-w`SwfVbsnFq`>o9ш<i.|v=\"2[`\0Hp:x4lt2<FK\"[yb/\"}5.1\"HU c?		kIz!X5U芤`Wj(@WќL/[iֽ!]\']t,\Z|Y,J&\"Σr^2	(M>d״p9\Z)</)Ԛ#IBYgZ!\"\"#pM2Dz+S0HD*<j=ʴ8xK\rƖL帖qaza^&yQRS)2N\Z(\'91y:ƧYh-so׵T%Wi<Vn^u#\Z#w㴽xln0Jks\\cg/5\'1Nj\"ۜxGya4ZJGkq{ܾ,~Nە;R6N˩/j͠-\rXH=C1\0ghlxᜁ5]P=Z9g@Po\Z3eG`?Xf`eN37\n2Z3ʢnL24c45mᰕGFIHZGe	-:3[@c(E&jov:\rM	\0xPiWB%4NC:ϫ<R\rɅXN.[cFk|bH0- yx[u|6gVe3lV*UfE;Ao/6Z7PO\ZT$<!_Cm9\0@{|GCm\Zړ\"t@1\0m:.r%iIQ1lq}	`vp\0a=0H_uq|`=])WFjm,$Yz_R/m}IGKJa\"9','2020-12-11 13:54:34'),(673,146,'audit/log','xWmOJMڙnREP\\sZ:#n_ض3-bY{ܻ&s^s3CB$qf<x|-_$hb]U:eB%%	xeWZieyc6w pBF%WB5IךJC\'*c5Wv*)rVbQ!3ÛupO2,$vXED+rc|ԋB/#gs˝o;II@oTA3]-2hVN=\nObS֣HI!*d)r7(\nVwΣ$mM[l\Z:O;%%(ryrO$W+&We\0]53[&}Ҵa!2D$>ߒAX\"94͡gq3:11]&eyM$ln5z砭=><i2>Ah0fy#7dv|o0X8|DB}hRG#!V¼4J=mWQm\\_@m#@靄rI<]SUkTmXmo2\"D-Yl:ݾeGJ7؞h8ZpjLx<Xz܋ߘCtten̝3}5zW2~_=Έ{kr&dx\'OVU,aD\'dBUR=zqhʩI2V$ʩAĸU5EJJ+k~Y|(f{OՏįoP X8gƹ񳣽8]DWJc1PZ8h:M(:î{&@Ip@5;>Ei$B~h)\\Id;x_Wﬠ$\0n%%5yd2ވԭ{{pOJȇ%uXg\\ppa<ށ,@|6r\'DfeRWU@i.g3#/uqؒ09Jc/ZC9GN.10䉲 2ˈ-}N)L-[ꆺx/u_EۂHiV;\n_.54sE\rV#n#de]T4UIS#M(xūI\0vַ>eE{`\\ЈŅw̍>2zG/t|{βmF)XVqm65$	MX>\Z','2020-12-11 13:54:34'),(674,146,'audit/profiling','xXmo6_a%&2eK)]Mܖ-@.W!m\r鶾i)919%TYfwR7X&nN*Q̤nH6HA0RUCX˥OLGBT\ZY%Wi҄.:i^N4c&u+a*E$N+4K\Z1]mC\"|*B1]F3Ty%au,dߢ\rFE\'ς)F\\0E	F\"GC.p\nǟΘ\\w`y)5T]K~U%L{ۡkUU 	p:>}CG+wYRdwzq\'!_lɮu,TL5`J_b?k\"`j\Zn[\0^돆36φ;4-6%+?]!Dzɱula:rp`de,	X\"W-[ߩj#J.,Vn^R眙wx;?ΆbÅm,nѰymƵo:`t^iyn4~԰33ʖR{=!!v:7={ڼJGrb){}z?g{U8RvVA˩Z͠QjȟiѽK}gl>3>Mlh[c䍞jRtQpo̍B1ÿ(:-烌=9lʣu$dtAj\r6d~rd$@t\0!\nŸ2ݦjdP)\Z!U^-TCr!דsZ,	&acY!_-~U=\0\r?cؤ24Yz~ֺ1>0JkTӐ\"+5՚jJ[emK-ޓjjO\"Jl^m\r\r#9cR7-JAQ$A[ᇮ~8?^i\rQϢooYRF	ˊt/nmIGKJD{(H','2020-12-11 13:54:34'),(675,147,'audit/request','xWYoH~_,EJvmsc\'e0>vl\0dP6`gF[݀sH+CTWWWm5ZZmF\ng8sVro3#pju@.i?mq0\npJK8kDMj(	K\\>ZS!f8m%\n5/zX1<aFa3{Uѓd]j\nsnGuf>b1VijrMIP2Z4,wpqR:)ksvou>8bDt<rv=@,څ\'4__zf \ZxPĝ\\,,Rʻ8e03:\ZLm`\"@g\rөtG#)+(OcZV۠=)-Wȏǰ0t0uLvoUNU1%YQy,JϷmx~.n}ʂZrs*mIcN\nx(x!+Jj\r]o3xD$x(A_ؽScp͌Q;W.	E)Nɗ<X,-aD&\ZF)nmDk5>!{\"N?4\'qJ\'h5&W]\nTmpWT</Ksк&UG-ɫ\0z8\0F$N:T*\'aXsW:÷I3ɂqLV1(b#bHDq#x3m{;=)ZnP6\\EH4I7%;Iv\Z*o& $\r\0MZ|HGC5[\n!}S9U(EJoᔐ(sqfEM\"\\k\\%ZD#[I̡P#\\AVIYﾍGc62G\\w\r,Pd,Z3}s+L~aN\"/ܙ91p&90\'gZ-\Z10=Ú5DӇnh/Ț4\'6{M0Ӕ-V5M51m)o*,^f]\"];\rAe[E魈+Ŋ.r+ئ>˱Tw\"GA04sǛ$&Y?]f\n ًqn<g؟.mp\r\nfzBf\n+42]<Qt8t2(g\nLa\n3*R1bus!fU.,7Mm=kI/^aremYn9ui>_Bsc\nOD.\rΪ[-$$pBe@cAY?hzH\r{C:O)&$-\ntl_w{=4k=0+|2\n-yu\'ªs\\\re\n73{X{(x!\\uJ9yԻ@2TǦY:x@p-Rf[SeV Q|H\"U\'Su\'Wj&!M(o$DFaT?Uğ^!O?\ZFp.吆gMyW=?\rǅK','2020-12-11 13:54:40'),(676,147,'audit/db','xXmoFίXAJ`w\"*7[lSDNݵIp]F av>S׌DXI=ʷ_C&Y#}1fLF˱\rΦKU.tI 5 `Έa8$h׊kA)4k]0`[1JըTM*Tt.%**:tܱ8Hؗ&p50~vY0iL(X_b?X#Npr^-߲\\YVPG=r|,LD:I=<DU^.R#:woj0uk5p\Z?LqY0ݘF;~!z\ZʩufM:uȪ욥,YwTVثemuFT͊n9Csn7|d8\r3<!qaQqtBQd$C6TBdKI=.Z3a-\Z/x타ӌJwJeQ5NW˩fܕUKņ\ZhazơgzƋ=s\"cCksզ44<y\Z4Y[e,u@,å?MboOYohfਙ9qE&qmF7-bx	B\0DUGNv|nnmB\r,QEVIP\\~;mF+|H092?I=y|O: sŏBټP6/ͷ\0h]CYB*Pӱ\Zj&v@; MCDڳW]Hٯc}1rb\rPd\rT(Inח͠G\'*|;xh`ZlØ./߳sU˪J{zeda\r6','2020-12-11 13:54:40'),(677,147,'audit/log','xWmOJMڙnREP\\sZ:#n_ض3-`Y{ܻ&s^s3gcB$q<x|-_$hb]ou:UB1xiWZiey#6u pBFB5IךJ!Ք5%Sv*)rV|^!3ÛupO2,$vXyD+rc|ԋB/Cgs˝o;II@oTA3]3hVN<\nObS֓HI!*?N)r7(\nw΢$mOɘMZl:O;%%(ryr	O$W+&Wev\0]5YÁq{ƕi#B6d>IcӱH}!8%/Dr`1Cktb~cS;.E(q莟V\\sGO5k!`~/|}cnڙ`cFc^0:L	=%:Ql_9/Gjqpsow~x;șR&utNmT-4ꮭR7&Y\'bǐ5йY`r\rh\ZG-	Ko.sa΢lߍrfFڴa5R^BoQUqMnԤ$xª%,DLPExjhKِe*\'WNUw\"$)URZYk\\B,p\nF1SRHƠx\0kg#l9Fώ?t])!;@i7Dx뤁3LԉO|2ZiT4+FcJǠ@}J%%dsHҌ\';}H*\r_=~}g	&0@j&nFn#kƑiK4b9`a<ށ,@|6r\'D|~VWU@i,S#/uq؂/a,r^3V\\10dMY**bS\n-GSJ]Ei1KWC/`\0\ZN3qWK\r]B\n5$Zrf͟nw\"-lRMj\rpK\nQ4DrU^9@foUMUT+.(#|1yN,xB~](`iN&Mh*!b~z','2020-12-11 13:54:40'),(678,147,'audit/profiling','xXmOHh;3\0tݭl(n^F}g-uwkvMMlyyyNT_sJ8nDeALnN*Q̤nHaB4)U\"D85˥O_#*x(\' HE&9Iwp\rg3q%@_]0X}MٴASԈ:l+&2*_|PyLWќė*:bѹeIfٗ:pC_QɳcU{q*LQQI2)\\gsf7,]n)y^Jh\rT5LCDUaI&\n55T]@*t:2}>N/C//F68/WﲤbE5OBJ?/ي^`YX`j	\Z0׵oIQ>Xx@Riܺm\rg^<99ȼ<`M!/2?J\nW;|zB|\'\rԚXu:ЪX-Dϟ0Y;^WF\\YܼuCwx{?-g~6VN7xT_~67s8>@4Լ7|Ӱ\rFe+Rޒrn]=nm?\\h]o>O*@U)MR{Z3hmj{]6N>TgzƮg<3^8g(2HL37\rDȶ&?xf2gb-ħ\'3Q7fMZz7sxi`GDIZepmA~r!G!LU*u*Ƅ諄j,q\Zy^H5$WH.[}Fks&\\MXfᖼ\n0~>o^GcSalZ\ZVkC[?_|n7\Z4@yFMK5UՉcڎi4pŴ\'\"H_OLc\0/\\f`\ZHWduT	U&ucNE)X\r:=h%R.wǫG#2Jy-K>\'Pʨ;.ϻV2\0U','2020-12-11 13:54:40'),(679,148,'audit/request','xWYoH~_,EJvmsc\'e0>vl\0dP6`gF[݀sH+CTWWWm5ZZmF\ng8sVro3#pju@.i?mq0\npJK8kDMj(	K\\>ZS!f8m%\n5/zX1<aFa3{Uѓd]j\nsnGuf>b1VijrMIP2Z4,wpqR:)ksvou>8bDt<rv=@,څ\'4__zf \ZxPĝ\\,,Rʻ8e03:\ZLm`\"@g\rөtG#)+(OcZV۠=)-Wȏǰ0t0uLvoUNU1%YQy,JϷmx~.n}ʂZrs*mIcN\nx(x!+Jj\r]o3xD$x(A_ؽScp͌Q;W.	E)Nɗ<X,-aD&\ZF)nmDk5>!{\"N?4\'qJ\'h5&W]\nTmpWT</Ksк&UG-ɫ\0z8\0F$N:T*\'aXsW:÷I3ɂqLV1(b#bHDq#x3m{;=)ZnP6\\EH4I7%;Iv\Z*o& $\r\0MZ|HGC5[\n!}S9U(EJoᔐ(sqfEM\"\\k\\%ZD#[I̡P#\\AVIYﾍGc62G\\w\r,Pd,Z3}s+L~aN\"/ܙ91p&90\'gZ-\Z10=Ú5DӇnh/Ț4\'6{M0Ӕ-V5M51m)o*,^f]\"];\rAe[E魈+Ŋ.r+ئ>˱Tw\"GA04sǛ$&Y?]f\n ًqn<g؟.mp\r\nfzBf\n+42]<Qt8t2(g\nLa\n3*R1bus!fU.,7Mm=kI/^aremYn9ui>_Bsc\nOD.\rΪ[-$$pBe@cAY?hzH\r{C:O)&$-!]^vO7g,_\0촵nK>hdml{>Ij.gCb4\n^|vRNv.+UñF^<\\TmV[T;P@rwb(һHɝ\ZJH+a.Q\\<\07Dg\'7mH@ӏ\\A[(sv;Yn{ޢj$u','2020-12-11 13:54:53'),(680,148,'audit/db','xXmoHŚ:3q7{	P\nM7;+6n80=>AkN4\"4}~\n_~ND38`8.-M\'WaT4)\'#W삙\"FDXG<8V4[sI@U%M]UuYWШp-,J2zrٻIf+\Z/Mc0tgAvY*a%bˈWIPDi_-ORPk$	}RezYpx̑$e7$SW^L\rBYPĢ*I<j=msl``uĲ12.M64ɋ̏Mz5xI/Vq 95̩i\rS1>͚NFiFnY{^GoU%i<Wn^ukcwx\'#k/>l|wLڜסɹ%Pdd#XuT4{Jn/KѳǭU9\ZTˍv Yup*SZ۠4\00hj{\0f3C43DI03303^<g (ijf(V3\r0eSMXf`*|-ÿeY7mZ\Zz168jQA{QqٺǠTEZv{كsa6 |@\"%\"vg ӀXPTeSPq_Ae4NCȫ<S\rE[\\wۊbĘ`0;:A{ʓc]?{Ȁl^+ho8c;@Hj*T_Sm;94IT;P= \\QNٯc~C2t\r`a\r!ib\Zڍ\"T!-90FM)~~zhG#6JE{vT$B*R޽^5p.dm%CGW;\n2','2020-12-11 13:54:53'),(681,148,'audit/log','xWmOJM+CIźaCqMHhػ}aۢ~ϴRk5s9stHZęv#,|I%5bxί}.:\r/,NY+>Hj+ϛ٤RB/YRQ4%-Z-AoeCP8>n<ZY,w,Qܜ1~x	nInv);Xmg,C7 0gؙroY$$R a64Lj\'OOQ\'	bOI)\nd`)r7\nVwFIڙ),tƟvR+U \"$*Dssi2fw|.\rӁqiȰ\rOtsl?&/Brd#s5ϦcotbvbNS;.Ke(iukn3mVaϵ>{=1\\YƧa]׮16O6dL,4}`:Lq=%Ql_9/Gjqp}owvx;șR%u\rLl}V[ڱ.F-CDMRyh[No`1\r_h8ZpjLX<(_z<ߘAt\Z6ݘ9)jL/eM/~E\r7D!4Dx\'OVu,`D\'D(2Qp(&{`.,\'բҾj*ڿfQ\'yQMʊ[YO;s9K)0@tOQ;#+.|\rr\08^;pg$w4:%ire9;1BJLø%\Z8`(IǾtfBtD1.2xQ(PrUR6$ems-KvUtz>i\nZM`&*#_*HE٪\'SR\ZG>-iZº*|!xbqk..	P-kBP\Z!fK`z\"d|9\\ˀ6$&6}ZZ3[9\\Ft3Brh+8KWCh`\0\ZN_Xߥ&E՗3clt[tg\ZuQt]Q1x5\rQ1 e_P]e|!7sBp5RC[jK/&Mh$a	[','2020-12-11 13:54:53'),(682,148,'audit/profiling','xXmOHh;/NMvf&@aTv5zo;zwkvM399SBTR4%PHջ9TD1!mQa BŲ</Y.u} QG@. *,Kpt4IXPDiBA|ӫ4/z\rgp1W\rĿ:\n9ńJQ4\rgZMe!R\ZnƽD:/*_|HyHќć\n:bѹfIf2pC_QɳcQ{q*HQQ\neR#dX싻R0\ZBY.nkJHݻ*Qe;ۡk/E BWF ,Е\nt?lp<eIzO|c?	)d+v=S!LE)T^6:DeVSӸu\ZZ}gW^<99<<`M!/2?J\nWB|\'\rؚXu:ЪX-Dϯ~bn}(HXyZ30:h{/v~FfqùmnymƵo:p|^iyn<a3VR{=!!v:3=ڼJGrb){}z?g{U8RvA˩ZfzQU\rM1>R \ngl{ƶg<3^@PH2Q\rg Xo\ZH#ۚ8\'op+5K-9(h!~?1b^1+r>Ș_eV%!i헥ZHma{8>jaD\"Sa\\ݰۘP4uP)\Z!U^-TCrGg!gلinȫ\0hO[W\07|ol*MKctmhc8\'oc\rcF5\rP.|zc鲢l{PMEڃݠGc=\"m9Yz\r\ruEŜP)sV`!YHWe|O.ЕwǫFZe[VT}DyUQ^Q/j\ryYjE!C\r+','2020-12-11 13:54:53'),(683,149,'audit/request','xWYoH~_,EJvmsc\'e0>vl\0dP6`gF[݀sH+CTWWWm5ZZmF\ng8sVro3#pju@.i?mq0\npJK8kDMj(	K\\>ZS!f8m%\n5/zX1<aFa3{Uѓd]j\nsnGuf>b1VijrMIP2Z4,wpqR:)ksvou>8bDt<rv=@,څ\'4__zf \ZxPĝ\\,,Rʻ8e03:\ZLm`\"@g\rөtG#)+(OcZV۠=)-Wȏǰ0t0uLvoUNU1%YQy,JϷmx~.n}ʂZrs*mIcN\nx(x!+Jj\r]o3xD$x(A_ؽScp͌Q;W.	E)Nɗ<X,-aD&\ZF)nmDk5>!{\"N?4\'qJ\'h5&W]\nTmpWT</Ksк&UG-ɫ\0z8\0F$N:T*\'aXsW:÷I3ɂqLV1(b#bHDq#x3m{;=)ZnP6\\EH4I7%;Iv\Z*o& $\r\0MZ|HGC5[\n!}S9U(EJoᔐ(sqfEM\"\\k\\%ZD#[I̡P#\\AVIYﾍGc62G\\w\r,Pd,Z3}s+L~aN\"/ܙ91p&90\'gZ-\Z10=Ú5DӇnh/Ț4\'6{M0Ӕ-V5M51m)o*,^f]\"];\rAe[E魈+Ŋ.r+ئ>˱Tw\"GA04sǛ$&Y?]f\n ًqn<g؟.mp\r\nfzBf\n+42]<Qt8t2(g\nLa\n3*R1bus!fU.,7Mm=kI/^aremYn9ui>_Bsc\nOD.\rΪ[-$$pBe@cAY?hzH\r{C:O)&$-l_w{=4k=0+|2\n-yu\'ªs\\\re\n73{X{(x!\\uJ9yԻ@2TǦY:x@p-Ҷ*6ۂTzzM~\n(t;^1\nO]d}JNR\r%	0h(?zQ\"ǳ6$G-`9	A\\^=oQ\\\nJ','2020-12-11 13:56:23'),(684,149,'audit/db','xXmoH |&27Zںkq#7-.`SM΀n{oh\"9p\"\0ͱŘ9\'kBXְ\\L>gXNƳKΦK\'0*<K\"X\\G<8&I_+1$]\r(+hPAr,^G*=\\hYKt<)Y3]JX\\D	jUQ}nhᒫu[\Z!9$Iiei\ZOb!*GR\0TU/oLC{U05 `B)\n&!XckV~Nlǝ#l M\"#QRx	\\b\'\rS̚Z:\\تdf4	hw kuVUQrf12ܑ9N;ddцcof\n6uhxryo2}:#F`s2m:.\'º4-{گ\\Ah}`@	K=Qr*Iu^N]kݳ\Z؀5\ZgȊ&Ig臞qbx圁>T3To\Z@cJ#۱7y>JUx+f^eWeQ/mZ%\r9YpΣ$t6@[.[\0O\0U\rC}Ȼ4`6%I7	%TE,q\ZE^jH.`CNr~N1dwtJ4گ]و=YUw@f`s6/|FF>`\\\Zg\0TvG5\rA@ރj\Z՞aHXzj7$s,WUV@J\Z!AYQb\ZڋT\0t%@1*B*+~wᇮ;?<N(!,$K/W\\$\Z*Ӈ7I','2020-12-11 13:56:23'),(685,149,'audit/log','xWnH}Wx!7܈$a2JHظ;_$aV\\`2%ڝH@]SU+sB\Z$q,4x|\05_$DRIźߡnۛ.d;cҮ4=\"G=,Ft2jGA/ԤDTMe!TQU-Sv8ɤreT|^`!Q͛up2,$v_yD*2c|ԋB/Cg3˝o;IIh@mTA3]3hT~4_^<pO&B.IB/sn,>EIښ14$tƟR+ \"$˥D+%Wxrbr5\r[fl_܅]5p3nL!I\Z;^y]\ri%y1\Z]{et_sYP/z?ϝGq\\,[sÎoV\\~w@5[˸Z0Qa>ξ6FeV|?X8~DB=h+VR\'.|Vڼ1J+(Q6!߇uNOpr9SʤABB*{_?V5AZ,[Ng!wo4i-R8^$,{/9vro I:X:}7fNʨ}>[BKY){f=EUQ5Qj\"ŕ9Up&3QDD]`UL\\@[VN,zcUNP9ퟕ3(󓼪&OTIiE_ZO}=10@\r@U[gW}0T\0$pv6FQhut0Nɥ1)4\rcjKwN\Z8`(Iȡ&F0`RQ)PseRF$eKHҌ%{}H&\r_=}g	&0@jƯFnܓ܃9)#Җ-hbs	Dp0PAf_ 4T!Tׅ*4BM):EtNr(|ጡU\'yALl:,^SvDptх[)X uDg@#K=3kz-PC Ov!\"Fa%\ru],U \0ZM}0DYŬIrC>bn(9Q+&:#]F?m6%&Mh\ng87fj','2020-12-11 13:56:23'),(686,149,'audit/profiling','xXmOFίXK@d_Q*`ڐTR$۱p9ApځC[PD3L&SBTR4%PSݜT*Iݐ6\"BhdŹ<Y.u} QWX@. *,kpr4IXPDiBA|ћ4/z\rp1+*G$Nk4KHjȆN*P,|\"B1]E3_*Ty%au,d_\r#FE\'ς)V\\0E	F1V+IG\\?1;a/rKRBkea*$uˈ*Qeݥ5+} te	/e#>}CG+wYRdfq\'!_lEM0Uc(%k\\SEC&Lq5ޟk{vqo\nyQR\"Og8i[\Z1VLƮXƒn!6*b_`%kuι9pA+}|/>\\槕M0\Z>͸M>yW\Zj5?CAsx򌲕A@oI?.Fp|ޮBANe&urV6u5b|AdB3]]xgp4&`\Zz9g Xo\ZH·5v\0O+5K-9(h.^?;1b^1+nr?Ș_;\0K<*X\'JBv:,KHo_>Y_0#\0\"TQ?Wdw,6%#UBɶ*?KhlWyR\rE|H.[}Fks&\\Yfᖼ\n0~>GnD&pc\rcF5\rP._S辶j쨶{PM\\)zra@*]zb:w$-x\"+?PÆba@Ld3\'ucθ&N~iD!]+ΏWFZ(g׷,Dl`*)K-W#HƮ%@C\\.','2020-12-11 13:56:23'),(687,150,'audit/request','xWYoH~_,EJvmsc\'e0>vl\0dP6`gF[݀sH+CTWWWm5ZZmF\ng8sVro3#pju@.i?mq0\npJK8kDMj(	K\\>ZS!f8m%\n5/zX1<aFa3{Uѓd]j\nsnGuf>b1VijrMIP2Z4,wpqR:)ksvou>8bDt<rv=@,څ\'4__zf \ZxPĝ\\,,Rʻ8e03:\ZLm`\"@g\rөtG#)+(OcZV۠=)-Wȏǰ0t0uLvoUNU1%YQy,JϷmx~.n}ʂZrs*mIcN\nx(x!+Jj\r]o3xD$x(A_ؽScp͌Q;W.	E)Nɗ<X,-aD&\ZF)nmDk5>!{\"N?4\'qJ\'h5&W]\nTmpWT</Ksк&UG-ɫ\0z8\0F$N:T*\'aXsW:÷I3ɂqLV1(b#bHDq#x3m{;=)ZnP6\\EH4I7%;Iv\Z*o& $\r\0MZ|HGC5[\n!}S9U(EJoᔐ(sqfEM\"\\k\\%ZD#[I̡P#\\AVIYﾍGc62G\\w\r,Pd,Z3}s+L~aN\"/ܙ91p&90\'gZ-\Z10=Ú5DӇnh/Ț4\'6{M0Ӕ-V5M51m)o*,^f]\"];\rAe[E魈+Ŋ.r+ئ>˱Tw\"GA04sǛ$&Y?]f\n ًqn<g؟.mp\r\nfzBf\n+42]<Qt8t2(g\nLa\n3*R1bus!fU.,7Mm=kI/^aremYn9ui>_Bsc\nOD.\rΪ[-$$pBe@cAY?hzH\r{C:O)&$ل!]^vO7g,_\0촵nK>hdml{>Ij.gCb4\n^|vRNv.+UñF^<\\Ki˼P(jvG\n(]WBEz>YR;TC	iBy%9%8t~\"u\r	(}4+hu%un4<kBm[Bob','2020-12-11 13:59:00'),(688,150,'audit/db','xXmoH_AbMZǸ	]0mpzo;+6n00Q!c1srKsGlXR\\?HG+\'+\'0*<{vAA,h^i$%VR@S\rʠ#*sn\ZV	V2o9DYb,{iֽ!&]t,|Y-J&,ΣreQ}ni9u;\Zi\n$K\nH\'VYi?:\n$C(W>!`\0H$My0z05iw5p~mǝCl M\"#QRx	|\'\rܚX:\\Ȫdf4	hwTڏڈ4	q݊s:l㡽Gy1)ׁ隣/KE{ɓD`0mڥ6\'ޓrgpi]=ngZn}d//]S)*htBZ\ZԀY0t#IV=C?C8{+h|MR\r3 7\r2XW`?Xf`eN3/\n2Z+<{FYiqAFIAC-f#(	C,5ԁzt {؋eBt\n\0%V{vIhmL&Ҿ*?KhtWyx\ZU}7l?\'ی|Đ`2{:A{ʃcW]و=YUw@b͸YlV)mu\0|Ѻч>נ!\Zj&+H; 퀴w@\nQgE\0_Lc\n~P5MUXBEU\08V^\0ח\0+i A!֓HAPy<л|7FZcy{T}Nl TIk;.}kJZR\nYb3','2020-12-11 13:59:00'),(689,150,'audit/log','xWmSHZLP\\UĨ!l\\모\"!3Bn&Ae-$%g^ݭ%8tsB\Z$q,4x|\05_$DRIźߡnۛ.d;cҮ4=\"G=,Ft2jGA/ԤDTMQjbEΔ+p|2{>EY!3XH>a}aK=ݺWl);Xmf/B7 0eЙrg,p[NdZ!0dUL\Z&*͗(ܓr󅧤KrҟsOfQdL\'M:	J%ryr%KVxnbn5\r[fl_܅]5p3nL!I\Z;^y]\rNi%y1\Z]{et_sYP/z?ʏGq\\,[sÎoV\\~w@5[˸Z0Qa>ξ6FeV|?X8~DB=g+VR\'.|Vڼ1J+(Q6!߇uNOpr9SʤABB*{O;A~v,K&eŖ!Y`t݁<E\nًc7_3Hb΢lߍ2jFִq5RVBʞqOQUpMlԄxqeaUD|&HA:\0VdOTT)*re~W*)6Kg!s8?sj>T&~EۇנxF(s644!aCyIg\\3JR\'rA=h%zJ#+2Qh)PreR>$e}Kь%{mHك&\r]=}g	&p))(#;OFlԓԃkR\ZG>-[ڛj9CYQ/@ܚ}K\0OPFb:e1X.|B142541jf^F-׌]9Dt3B`h_r4ƺ}9Ty0\0?r/xK`MR+p;HӅ149D6]Mn	5A4U**LQ0[+hu郫@KTwe>t.7}.%:#G.d,6rFif뒲&@7)7`J\r\Z','2020-12-11 13:59:00'),(690,150,'audit/profiling','xXmoF_)\"*9yi	TT		{6g(69ämڈH;;/3c21IAjLƺZ;c\n0R;`I(ݐN5q.˼Im̾J*a`0A\'OyEMsO\'Lc/Baƨ̤0qw%\\$fDMdEcbg,U&u I[S/MC[aReUs~;JLfa̅QJE\\#	|Mgoy䉫`ɟyYVH5T5ʤr2UX5\ZF{)\"};tM\ZI?\n2]pUeA%r\'<wXIŇ(‱B>Zum0eSH`RYW^SchpnwwFC?KE\\h\nYzaOç\'DHQ\\#9O\'uܳ+gR~S<\"OoZ+k#4Vunta&렝>yprGlp\rg=]kdg.o\ZQqᠾ ?yFJPy ۗVg[9Zl}:{?()\rR\'ZNԨ4ƦZW5`&Z?Pπc3]]xgp \Zd49j \Z;p y\ZTj,r-rO\'a \\|zx;bO\"&žr/{~zWYVqX!jfMxk.#X5(#Bj2?0&TuPy[BU%4J>ʼL.g>X	!4ؒWƏ_7݇?U5\0?\Zcظ44^\ZѺ6>0*TөLjojJvL{iL{*L\Zq̱G\ri1Ěk*-Q5h@5$ud%\ZtމTJ;}~H,%Uds%ҎϷ殤%b\\.','2020-12-11 13:59:00'),(691,151,'audit/request','xWYoH~_,EJvmsc\'e0>vl\0dP6`gF[݀sH+CTWWWm5ZZmF\ng8sVro3#pju@.i?mq0\npJK8kDMj(	K\\>ZS!f8m%\n5/zX1<aFa3{Uѓd]j\nsnGuf>b1VijrMIP2Z4,wpqR:)ksvou>8bDt<rv=@,څ\'4__zf \ZxPĝ\\,,Rʻ8e03:\ZLm`\"@g\rөtG#)+(OcZV۠=)-Wȏǰ0t0uLvoUNU1%YQy,JϷmx~.n}ʂZrs*mIcN\nx(x!+Jj\r]o3xD$x(A_ؽScp͌Q;W.	E)Nɗ<X,-aD&\ZF)nmDk5>!{\"N?4\'qJ\'h5&W]\nTmpWT</Ksк&UG-ɫ\0z8\0F$N:T*\'aXsW:÷I3ɂqLV1(b#bHDq#x3m{;=)ZnP6\\EH4I7%;Iv\Z*o& $\r\0MZ|HGC5[\n!}S9U(EJoᔐ(sqfEM\"\\k\\%ZD#[I̡P#\\AVIYﾍGc62G\\w\r,Pd,Z3}s+L~aN\"/ܙ91p&90\'gZ-\Z10=Ú5DӇnh/Ț4\'6{M0Ӕ-V5M51m)o*,^f]\"];\rAe[E魈+Ŋ.r+ئ>˱Tw\"GA04sǛ$&Y?]f\n ًqn<g؟.mp\r\nfzBf\n+42]<Qt8t2(g\nLa\n3*R1bus!fU.,7Mm=kI/^aremYn9ui>_Bsc\nOD.\rΪ[-$$pBe@cAY?hzH\r{C:O)&$ل!]^vO7g,_\0촵nK>hdml{>Ij.gCb4\n^|vRNv.+UñF^<\\Ki˼$4Ŷ]zzM~\n(t;^1\nO]d}JNR\r%	0h(?zQ\"ǳ6$G-`9	A\\^=oQ\\\nhe','2020-12-11 13:59:02'),(692,151,'audit/db','xXmoH_AbMZ&\\K[wޛML`\nӖ]}gVzfmvMā9gN1,,~XnFFd|U:R<^lt2<eq<ȿ$*g嬟DBZt%$q7 PQZa%4,)Q\n9J6],ڷ,}-ƴobZ,\n%\"Ø	Pn20>,w\rxʑ9ͲBB8QkEa\Z\"/r>$@R RU-n_̎`\Z(\"z5mkh?LqGI-y~gyJ8wc\Z1詆2k$\'֩5F}uOC+gނW$q̡q^{Y?0ͳLi<*l>,q훎9yR\0OO8|戁-3őM!#vܺ0k-{ڭ\\F8zܞPzfN	PVJj9F4Ϫ{eg`E@c3=c3/3t>ІQTԸ`d[G?x2缕eR72\\+މߔ(f&)ќ^Sb-60g0](#uԂF 3Ct1Q;FsͭMmP+\Z%ge^-BN.-1_>q&\\M`|2UU0~\0	Y6+f7k}(\'@Hj:RR!_Sm9EQ=T{KiT{_DytHf[˴haXCb3*bQ܈3ft&\'NT+_EbޅxlpZ܆1~fIU%CS+K-W}IGKJo','2020-12-11 13:59:02'),(693,151,'audit/log','xWmSHZL`(*bTuUT!yaz\0a	YWwN2t3ݣMD,+-]\"B1TR1wCAoYɄI*-Ar1;%E+.((UAS(TNm+p|2ܻEY!XX@è>e}sgAK=W|*;Xm/\'qÀ 0cȞzt̷[xvZ! `ULV\Z&*(ܓr녧Kr2X\rf9sGagtB-:\rlJ%	6Tr%\'W-&WiYZ53蛣&}ưn\"2\'Ʉ\':ߑ~P\"94.~3\n:gF\'	u=ܹ}6$N576h3XG1ܚUD~8.kGکpc]y˥NR\'\\@εq\"[oVQn]Cm#jCdd2Im.ҩF[ݷU*~65j$j[F2Dt}n;рQL\"khRt~#Iϒy;FY\Z&:nn@S4%)\ZP\0/XDQDՓW\'@^L@[ZΆ y9CTVN?̋\Z<Q%~ia?,r@6dNUͦįhmP٘;ƙpO8]&Ɛc p4P{^\"s	LĎjPl:EidY1\Z<.5XT+E*iDRڈtϻ$Yׇ=o+eqݳWlrYd2ۈԭ{Қ{pOJЃuXg\\Q-\'\\c( 6f_ @+iF\"`MwJBDt91QDt?!҈W)\Z\Z;9ĦSKk5e R㛐.=FL-K&rx?`\0^񖸟Xߥhf#^w!}d|7Mc,ҫj%)H*VFCQ3?VF};w[ڢ\"o04I>t07}0\\&؞#g.dQ3Fif\n(9	M?/','2020-12-11 13:59:02'),(694,151,'audit/profiling','xX[oF~ϯXDJ`/޵YD%8@I*!acopl%(6	mnj#wv.78Sθhih&a\\Hh:F!&4)2t RTԻ8{ȱ\\1R\"\"+ptY?g1]uʯgi־\'`\n&	u@mRrLv`2tT,]DL9NI\rT*c2&\\kxyF,iLD WqC\Z\"F\rKV`2\rcb\n.qGRJdCo2-\"OݕQRuv7]\\;Ik߇*K4[*ҷC^.#|\"tu	\n].pN_E:yǃ9ps\"Β;wXQɇ(:蓁Ii&}\rw`L`bb(iҺcwpȗpns7s\\,8+OO<<.Br`ױCk$R$\"E0Tϟ^3Y:^SF_ΒSXוv|wYo_|pM>ոvퟸ5>=Ew􌲥^rO	oH9ϭJ6.Qq4r*ެ\rOK^Na*UrjZuU3 T=mg{M5|@4z=YMVj2[d]\"ZsݪDHlz2{7{a;`hq nky\Z2puXG7N\\0\0\0\"69ĵ0.)n/ݭL	uL(ٔPjF@L\"B\"ɕw#~h)CK߈gI!\n_k?y\0QnlT\Zmh]CQo%XzjOjykK-ޓjjOE4!.~=$s!pEn!6!aI$H2M 3#)FH%?äΏWFFe{[TyP\"P7eyTK-A@ƶ%E!','2020-12-11 13:59:02'),(695,152,'audit/request','xWYoH~_,EJvmsc\'e0>vl\0dP6`gF[݀sH+CTWWWm5ZZmF\ng8sVro3#pju@.i?mq0\npJK8kDMj(	K\\>ZS!f8m%\n5/zX1<aFa3{Uѓd]j\nsnGuf>b1VijrMIP2Z4,wpqR:)ksvou>8bDt<rv=@,څ\'4__zf \ZxPĝ\\,,Rʻ8e03:\ZLm`\"@g\rөtG#)+(OcZV۠=)-Wȏǰ0t0uLvoUNU1%YQy,JϷmx~.n}ʂZrs*mIcN\nx(x!+Jj\r]o3xD$x(A_ؽScp͌Q;W.	E)Nɗ<X,-aD&\ZF)nmDk5>!{\"N?4\'qJ\'h5&W]\nTmpWT</Ksк&UG-ɫ\0z8\0F$N:T*\'aXsW:÷I3ɂqLV1(b#bHDq#x3m{;=)ZnP6\\EH4I7%;Iv\Z*o& $\r\0MZ|HGC5[\n!}S9U(EJoᔐ(sqfEM\"\\k\\%ZD#[I̡P#\\AVIYﾍGc62G\\w\r,Pd,Z3}s+L~aN\"/ܙ91p&90\'gZ-\Z10=Ú5DӇnh/Ț4\'6{M0Ӕ-V5M51m)o*,^f]\"];\rAe[E魈+Ŋ.r+ئ>˱Tw\"GA04sǛ$&Y?]f\n ًqn<g؟.mp\r\nfzBf\n+42]<Qt8t2(g\nLa\n3*R1bus!fU.,7Mm=kI/^aremYn9ui>_Bsc\nOD.\rΪ[-$$pBe@cAY?hzH\r{C:O)&$ل!]^vO7g,_\0촵nK>hdml{>Ij.gCb4\n^|vRNv.+UñF^<\\Ki˼$5tT;H@rwa(ҫHrɕIHa,ѼQX:6G\'mH@ӏ@K(sv9Y{m{ޢj\r>','2020-12-11 13:59:05'),(696,152,'audit/db','xXmoHŚc܄ki{	Laڲ+6wlWlvfDs9oD!a2rC3KlͰbgg%2syn!\"  Va8f$H`ג+.)uUQS\rr[TUȰD&XXT`\n:d8H\r&0tRRcU{q(0c1R$	!Wsj4\")C$\n	GGUi\':\r$C([ܾ\"Xj&}`\"IeL\ZLMc5N^<99ȼ<`8SƹzO5xHϗQ\\#9ά5[c~\ZZ^Ӕ>\rܜdE(k#4\"<VnVu{30i{s5~F{t~aj#`<*l>*q훎9{W\0\'\'=s#NstaVqdIݿ.Z+Q-6\Z_/Xa\'=j\0eI5NW˩f=VWE#IVE3=3/3sMLi0XOg5Vioh_~%{R,w#&žRk/pjਙ9q@E&Pm\r3=8j\"\'@r\nvI̭Ka\n%TYB$̫#U\\e?f\'	4ؓW_vg#~hU?8ج\0@-^wֵ>}B5\rɢ\\!_Sm9tECցj%TJ=/B70|j:$-x2-?`(,d(2BE4Jҕ1$(͠ك\nzHWц]+NWFZ\rmygVTuND@w5\\͚*KV\",o','2020-12-11 13:59:05'),(697,152,'audit/log','xW[O8~WX})H&UW\n%@wK;jʠ*5ilJvr$)A=Nz	ӔYDw>c\\\"4ug,\\x|\0XDRI;ܠ^u뫾·+geҩ|\"G=,t:aF,ԢDTM5Q&뺜+<\"\'ڭ\ZXRkyE4NSF75\r>ci41JN1V[y·8\"X6r;-x7Ms	H*hfy\Z&jg(ܓrCRRLs\"ocp~\r]f7iN#7diZ\"\"Bb\\\r_\n\\	ep5\rV8_p:=\Zh7,6r\04K\\?&d`FC\ZZu6=[ct_qYR/{?(ΝIr&iܨk&ۤ=9}sõm^aA?0ƵcAQ`pјWrG\\xOΥueVFگ\\B58m#Bݔ\nTIl.өF[ߵU)~KY5I-(Qn߶#h$^dpjHY2)_s>	l.l-S?cM?~E\r7D!4Dx\'k:p\"QDDr	*&{dD[UN]TSY9Ø -jq*J+nia?u,r\n{6d^=U-ό_vÇ{P8w6.42!al@ylgB(Ⱦ;\Z!1^AS)P%UX)RE#Fd9tҝ>&\r_}6w	&mp+Q6*Yd/4>V7UsOZsIY\0[ڴu6!ՄkeNF)ĭ$_DL/U@Y(.f3 ?u3\'Rp9?Fw:9ĦSKk5eWIW1]Zޗ\"jk}7T<\0OcAoy̿]f\0B\\f֮?#n[#E߄6aCdI%Cty8YNB}M-*}cYWѐ~D˺w#7}${I(zA(jn+	iCoc','2020-12-11 13:59:05'),(698,152,'audit/profiling','xXmo6_aBy1bRJӖD]MB\"!ql$&j}vBKz	7mHss8G=*\"%\"2P;Jy1PI0AnhP2	8e5ˤGL*2 J9\Z?caSg_g&ε?v0_\rߺ\n3*݇8k4P5 㦪ak:^xHyHWጇėJ-o>oݲ8H֔[x!t-0oe2Ū9K%$0f(Bj\".\\3f7,UnɟyYVHh5T5DrR\",)*F^H]C}!\n\'BC@$Ut\n|^;_^lp:\Z^\0<w7V|\"/(`+vmI>X`.fhg)\ZL\nqշ/O6p`;#7p&ri,O0\'\"Og(Y\Ztcʙ]>&&+ǫ$<$+p]szf^ݽX?pig+\'`8(|/>q횎S5?g 98yFJPy [fg[9Zl}9xoSel4PVJ:j9u@\Zj^u,g(Xe3]]xgp0 g^P6\rCm7|:JMEyEIe8ޝNG1\'obO=\0K,Y+v8,J4PoMȯU# PĠ2n<J\'c>w.:w*J(	,+j	jU}3|?nُr̙`r[6b~[*x_>G(06.KC㵡wkc(\rcB5\raVo\r=[;TS!*YnPӱ~ m9\ri1hXu rBI\'\'\\GyI$D:1D+zN>\ZJaooYQ9IP9\'^Q/jɛ]EG+:Or0|','2020-12-11 13:59:05'),(699,153,'audit/request','xWYoH~_,EJvmsc\'e0>vl\0dP6`gF[݀sH+CTWWWm5ZZmF\ng8sVro3#pju@.i?mq0\npJK8kDMj(	K\\>ZS!f8m%\n5/zX1<aFa3{Uѓd]j\nsnGuf>b1VijrMIP2Z4,wpqR:)ksvou>8bDt<rv=@,څ\'4__zf \ZxPĝ\\,,Rʻ8e03:\ZLm`\"@g\rөtG#)+(OcZV۠=)-Wȏǰ0t0uLvoUNU1%YQy,JϷmx~.n}ʂZrs*mIcN\nx(x!+Jj\r]o3xD$x(A_ؽScp͌Q;W.	E)Nɗ<X,-aD&\ZF)nmDk5>!{\"N?4\'qJ\'h5&W]\nTmpWT</Ksк&UG-ɫ\0z8\0F$N:T*\'aXsW:÷I3ɂqLV1(b#bHDq#x3m{;=)ZnP6\\EH4I7%;Iv\Z*o& $\r\0MZ|HGC5[\n!}S9U(EJoᔐ(sqfEM\"\\k\\%ZD#[I̡P#\\AVIYﾍGc62G\\w\r,Pd,Z3}s+L~aN\"/ܙ91p&90\'gZ-\Z10=Ú5DӇnh/Ț4\'6{M0Ӕ-V5M51m)o*,^f]\"];\rAe[E魈+Ŋ.r+ئ>˱Tw\"GA04sǛ$&Y?]f\n ًqn<g؟.mp\r\nfzBf\n+42]<Qt8t2(g\nLa\n3*R1bus!fU.,7Mm=kI/^aremYn9ui>_Bsc\nOD.\rΪ[-$$pBe@cAY?hzH\r{C:O)&$lyfwMfy3C/\0~RvZFA%N66݁=$VX{kLYfufKa/B>T)C;zHz#Khe^-ǩQJDEO֧N$PBP^Is&㩬\'!<?!qmCJ~4\nZB	F!\rϚu%P{~^','2020-12-11 13:59:41'),(700,153,'audit/db','xXmoF_XJlvr%![WTl`\ZpG߻NL8jlxagg`XbL\\v5\n[ z9g|:\Z	hze;d|%dFG\"[b/}u] S\0(׳A\Z$	1kI{!HҐt4ACUР&X*XTd\'**d$L5\r62xZ\ZͳkUgq(8A!DeQ}ni9u;\Z!s祄Vs$I*,V4ӟza#)\0*앷o^L]ҌL(kՃiݱF=3X0wbm׳+LG4ɋDI%$s\rge4HNskbsO#$Wp_ށяڈ4	q͑uٜG?_m:n0Kks\\k/Ɠ_8b6\'ipF]{R.+ѲǭU:\ZTˍϗ,!a\'9=nWT\0U4ImS_h՚AkF76`G$3=3^3UX=z9g\04\0bJC۱&7~>Jex+˜f^eWyeQ/]Z%\r9Zpʣv$tO`3=\\jA	J\0 \0V@\nwIhmJ\"C\rn*KiHyWG!\0e9f\'	\r,ܓWkFɪ2~qY	6f[/6Z7Pw\Z4HJzMmWT%hj՞/8toHXˬԑt!6M+*bQ1lŌq}YBAa30J*U3Ln߅xl5pF	G_gI%YRA	I\"\rCIWKJtz7#','2020-12-11 13:59:41'),(701,153,'audit/log','xWmOHM+CؤbUvn(^		-/ܶ\\3mr)5z7vsy!\"yLNjKgΒZہGPEB$Ԭ\r:Qwؿ\ZX|4B^:ea\ZZ#\"|d`\"=oBgnNH	bJmJDUԖ\"bCVK͔+p|2z>EY!\\6XH9c}aK3ݦWb);Xmg߮B7 0gؙr,p[NdZ)0dUL\Z&j\'(ܓrKr2\\sOQvlJgm:Jrereʭܪj\Zx̾ +awk<2zt`\\62,dC4v0\Z[*+$G92]l:6NfI\'f,f4΅㲤^~;/Ṛ&Y^_̍{FUs߇??1\\[EDA0kᅍ:hc=\rx1g+2G\\xOɭyeT\"{گB58|Aԁ;	;<L:x	Ll}VڱR-CDMRyh[No`1\r/4iR8^%,z/%vro I:\rX}7fNʨ}>kBKY){g=FuQ\rQo\r	ê,D(Ed~P=0VS*)+re~W䉪(껥Ĺc׳)؈QLT5T&~EۅcPAU@&$s6M^\r%ire9=?0BJMø%[\'\rY0fNd_gI!wM11.RxQ)PsURF$esH҂%;}H&\r_=v4}g\r&i0T@[#_+HEݪ\'=s4|H[Ҵu7jCYUb>.	^R^-f.TlY֡(+wzCi+h%103e3e 2|FZM5uUI.RMPn\0$4~ob\ZjKp[ޢ@jןΌncdUvGh Ȋ%M<`A\\*>:\"b]Db^޷˶%cQ-&2cߖ','2020-12-11 13:59:41'),(702,153,'audit/profiling','xXmoF_)z⼴*T	6&qm6Qr\'{wmr8I$H❝gLTR4{!vsPb&uC\nH1TT8\r˥O_#JBET\ZY%7i҄!<i^nN4c&~	?\nse*=D$Nk4KHf.+\"|*B1]G3_Ty%au,d_\r#FE\'ς)V\\0E	F1*IG\\?1;e/rKRBoexa*$uˈ)RDv\ZհB>\n¼J]>}WWCG+wYRdfq\'!lEM0TLU-T_6G˺0:έ;{?͋K\r<\"pç\'DHq 9N5[\'cڙ]%B\ru{UmDužK\\sஃWop_}ͳM0\Z>͸M<+\r54?CAsx򌲕A@oI?.FptޮBANe&urV6u5͐?Rϐ\rB3ȮgzƮg<3^8g*X=C3H9g Xo\ZH.5v\0O+5K-9(h.>?{1b^1+nr?Ș_;\0+<*X\'JBv:,Kۈ\'3!|@2U\r7t{pwXǫ,q\ZY^H5$id3|?r̙`r;6fA[*|ϾyU@MIilR\rm\r\0~Ѻ1>0JkTӱ5՚-Ċ.喝;PMCړgկ\'c}G2r.rz\rk|VT߉Ψ9sdj!U~_6~~Ho%,%UdW%ҖHەTHxb_yF','2020-12-11 13:59:41'),(703,154,'audit/request','xWYoH~_,EJvmsc\'e0>vl\0dP6`gF[݀sH+CTWWWm5ZZmF\ng8sVro3#pju@.i?mq0\npJK8kDMj(	K\\>ZS!f8m%\n5/zX1<aFa3{Uѓd]j\nsnGuf>b1VijrMIP2Z4,wpqR:)ksvou>8bDt<rv=@,څ\'4__zf \ZxPĝ\\,,Rʻ8e03:\ZLm`\"@g\rөtG#)+(OcZV۠=)-Wȏǰ0t0uLvoUNU1%YQy,JϷmx~.n}ʂZrs*mIcN\nx(x!+Jj\r]o3xD$x(A_ؽScp͌Q;W.	E)Nɗ<X,-aD&\ZF)nmDk5>!{\"N?4\'qJ\'h5&W]\nTmpWT</Ksк&UG-ɫ\0z8\0F$N:T*\'aXsW:÷I3ɂqLV1(b#bHDq#x3m{;=)ZnP6\\EH4I7%;Iv\Z*o& $\r\0MZ|HGC5[\n!}S9U(EJoᔐ(sqfEM\"\\k\\%ZD#[I̡P#\\AVIYﾍGc62G\\w\r,Pd,Z3}s+L~aN\"/ܙ91p&90\'gZ-\Z10=Ú5DӇnh/Ț4\'6{M0Ӕ-V5M51m)o*,^f]\"];\rAe[E魈+Ŋ.r+ئ>˱Tw\"GA04sǛ$&Y?]f\n ًqn<g؟.mp\r\nfzBf\n+42]<Qt8t2(g\nLa\n3*R1bus!fU.,7Mm=kI/^aremYn9ui>_Bsc\nOD.\rΪ[-$$pBe@cAY?hzH\r{C:O)&$C5nY\0Iikݖ<|:tV|Xa~9]Ά2e֙=,i=.:S<]V pc,\nyҖUh*m%JOOo^.w+F!\"TQO)ٝI4MSYO:?\npCxVBz:چ>h\Z:gC\Z5?-K^7l','2020-12-11 14:01:22'),(704,154,'audit/db','xXmoH_AbMZe1nµuFpo61)L[v\\+6n809c1srKsKklaͱj`ٹΧáW#G:$,èhRd+_Fd`yEzO$!-ij7Pѡ	[(*DR5(Us5,Ds*36Y,4	Ӭ}MC%ML\r<ƴ,h[|Z-QBRfE&|0[ZzNƄ?e9sA*$	}bej!LX>Iֹ&M3TS7c*P1G\ntd`j0b{h#}?NF֕K#AEFS9|\'5ܞأ}֧]\rh+/s館W%7i+/q݊s:lh/6Lbc7S\ZZ׾Z/I\"4`^j\nMNri_Y=ng.aG/YI!aГ7KwJeQmSOjTAcWV-0Dzaj*=<C8{+3b1g\04#Ǟo|Vc˂խ/syQȗт_fE1/w2J\n\ZM7k8鸑GmGIH\Z\'\"uO@̖\\.[5S\0OX0h.Z@\r>@u\0ӐWG\\`oUiگ]و=YUu@e͸P6+Ͷ@}HƕRcԶߕav(CCuX	(Xzf7EخL~Oi)HQT4]e8V^*PL:${@z!E<R42|ϔJbB-6.{Jvtv)_M)d','2020-12-11 14:01:22'),(705,154,'audit/log','xWmOX(o6X]	1{iR쎉rs{!\"yNHT$Δ%A\"b]mMB\r1xiWW_zX$dԎ	)!_,^rAI\n+k5=SvxXy\nO&{g(+Rwi\'o4|RObn|6ϔHBƝb6zQEtL|f38[NdZ!0dUL,4L*gU//Q\'IMmpH\nX*IB/sn,>EIښ14$tJ\"\"$K:Ep5\r[fl_܅]5p3nL$/LdtWs|G_a4fm^y,,t<׵\\ԋޏ{Q8q576ikeϵ~wzt0\\pkW xb>>qmCۿQ+sT~l,bco4Fc+	>Pr}m+(Qv[:Pz\'a\'y:)eRGۤtjjVmXmȿPːUEQeŖ!Y`t݉<E\nًcGo?\'7f\0b΢܍2jFִq5RVBʞqOQUpMlԄ	ŕ9*p&3QD LՓW\'쉹mi95Y^O\0P9ퟕ3(󓼪&\"WZ8O}=50@\r@U3Wa7Qو;eFtO]&s p4f4pf	q$ub \Z#Vw\ZM\Z%Y\\\"!)C_F3!e/7oǤ;K5I=$DY/-f١TmDJVN=iM=X8nAkoKBT[e^z!ĭ۸$HqQ*KkBP\Z!&K9EtIr(|ZCCFW4jiXf*&CGS\\+}9T<\0#܃o̿YjQޡ@*.p!\"6a%MTYV$x9`ҷVjU%*;&HQCrCDd^޷dFSD؁yVbCIF_^`','2020-12-11 14:01:22'),(706,154,'audit/profiling','xXmoF_)ڋ璖@*!$n&JMsMrQ,yyfal[N5*,N{QAͩB\"\r)lc˪nX1T}]sRקo|*hΒ(\' HE&IwLp\r3K[]0X}M餿ASt{4H4C:nHEUOU)*RRǟ;,	Ӭ3e!\Z]\'n0*:ytLjoR,J0VapHJ>׬p\r}q[\nf~!~^t].#\nK#Kۡkh/C?!^.*Gte\nl^?\Z\\^mp:]\0eI{Ŋj>ı~Y61X`z	\Z0׵P	LD`:p5/`ᵽhh;c|Ci7()\\	\'ҳE4HSkl\r։v&cW,cIB?zdx^UQrf/r׵:핾yt>r.m	&\rKf\\cF<+\r5Ə\ZQqn 9<yFJTy Yfg[Wh8Zn}>xoSl\n2PUJ:z9@Z\Z^ـ1Q34]gzƮg<3^8g>R PG圁`i :<y\Z,][,sP,w8yƬI c~B\0f.-`(	],Cⷘmak_d9|#8NoWdw,6&*oKJYB4dʫ%jH.ܿeg1go٘inɫ\0M=zU@MIilR\rm\r\0~Di7\Z@5՚=4]הvT{=ya@*]zb:w$-x\"+?ېXQ(2gTԍ9z`5pJ@x]}w~z6\"\r?ğE_߲ꃒuqtK^R/lndcWRՒur','2020-12-11 14:01:22'),(707,155,'audit/request','xWYoH~_,EJvmsc\'e0>vl\0dP6`gF[݀sH+CTWWWm5ZZmF\ng8sVro3#pju@.i?mq0\npJK8kDMj(	K\\>ZS!f8m%\n5/zX1<aFa3{Uѓd]j\nsnGuf>b1VijrMIP2Z4,wpqR:)ksvou>8bDt<rv=@,څ\'4__zf \ZxPĝ\\,,Rʻ8e03:\ZLm`\"@g\rөtG#)+(OcZV۠=)-Wȏǰ0t0uLvoUNU1%YQy,JϷmx~.n}ʂZrs*mIcN\nx(x!+Jj\r]o3xD$x(A_ؽScp͌Q;W.	E)Nɗ<X,-aD&\ZF)nmDk5>!{\"N?4\'qJ\'h5&W]\nTmpWT</Ksк&UG-ɫ\0z8\0F$N:T*\'aXsW:÷I3ɂqLV1(b#bHDq#x3m{;=)ZnP6\\EH4I7%;Iv\Z*o& $\r\0MZ|HGC5[\n!}S9U(EJoᔐ(sqfEM\"\\k\\%ZD#[I̡P#\\AVIYﾍGc62G\\w\r,Pd,Z3}s+L~aN\"/ܙ91p&90\'gZ-\Z10=Ú5DӇnh/Ț4\'6{M0Ӕ-V5M51m)o*,^f]\"];\rAe[E魈+Ŋ.r+ئ>˱Tw\"GA04sǛ$&Y?]f\n ًqn<g؟.mp\r\nfzBf\n+42]<Qt8t2(g\nLa\n3*R1bus!fU.,7Mm=kI/^aremYn9ui>_Bsc\nOD.\rΪ[-$$pBe@cAY?hzH\r{C:O)&$lyfwMfy3C/\0~RvZFA%N66݁=$VX{kLYfufKa/B>T)C;zHz#KheQbKT$T;P@rwb(һHɝ\ZJH+a.Q\\<\07Dg\'7mH@ӏ\\A[(sv;Yn{ޢjZ','2020-12-11 14:02:01'),(708,155,'audit/db','xXmoF_c)]^r%![WT$\\Q|3.j#[2>#|לhDi74>~\n_`38`8.-M\'WaT4)\'#_1Fyx5q\'!!h攸.֡HJ5TDJDT`%=$L\r&154gAvY2a%+EH_҄CFpCǿZP;ϟ2MB9$qei\Z\"OB!\"2$A,a/o*XUL$)HTdNhcs\0y+\r\'L帖qizI^d~n;~zʩyfNMkhilx2zM34t;*ku6:b˸n9#cn7ddцmofU|T^:4c<9T|6>I8zAa lC)Ev8hh?s{}z?GʝJAU)MTr\Zvwe5KXP=jqbx!KHP=CՔr΀bi@1,ۜ:%o|VcxfneW3ʢnL۴<24:7c<3mpΣ$tA؅[N ,\"\"\"lwv_x7Ƅꢪn%TVYB4ʫ#Ր\\heGh͗O	S\ZY\'<?~Y5ٓUu0SlΕKeJ|h;RU}~GAME3km;翂uH; bg\"t_O\rc\0/\\e\rĮ*]U0$ivcf\"͠97$PV6@M~w|y4R0ͷQ//߳s%T޿^qePQъE]c}9','2020-12-11 14:02:01'),(709,155,'audit/log','xWmOX(op	T.MHhBw´Ee}m8kt6c\"sHc ű=cqeKxPH*׃;tyΠw{7pp,{Id$ZYKDIec:wB߷J%V\\PjQ\"6	5T5UyXY\nO&{c(+Rhէo,|R#bHHsƝb҄aEddO=f:s[xvZ! `ULV44L*gUZ//.Q\'IU,^8$,d`9r6WW8iϜN[t\Z>o{J%rpUQYEp5\rF茎X_U:9\Zho&\08l7H&dtWs|G[Aи4Fc\\LFy(DE,p$<׵\\ԋޏ{aI576i3XGc5<&\ZӘr\\;H\r,N\rǯ蚨޿xX.u<Jnv4a%5}nQJo$K\'s1LhtNmT-4꾭Rw㦌/2d	CG-Yl\n:ݾiGJ7؝h(\\&pkY4q)t~# g<Lϝ		n\rWc7au7zUE\rFM\0_\\#xbg\">EXb	=1--gSrJʩh~HgU58P%~i<,r@6dNUͦό_Ç=(DUL@kgcl:g[G?vI\\CF́EӰԐiMg&;rA=8=ȲqK@=aH%HJy\0Ҝ{}HًM|1{\nM\\a+)	QnV3Ph|6\"%u+瞴IIz\0[\\7u6%!儃5h/f!ĭ$}6`MwJBDt91<..?~B6$r@kh4g(|7/M֔kI7!]zZΗ,Rʢ̩RMP>`\0?jz%g0&wC\rTn?]#n\Z#deV[	\rؐaćQ|]-*,+ą\r_e>r2J0ҬiQYjj9IM}o1','2020-12-11 14:02:01'),(710,155,'audit/profiling','xXmOFίXK@d_Q*` mHT) vC[PD3L)_sR)fqK݈\Z\n9TD1!mDdES16T$c\\,>E~(+U,\nQi`I\\cI\"J\nޤyѻfn8놳ď~ îPSLtEp6uД.}.\"jsQJt~_^UT򘮢9/*uŢs˒0:3/ugAf!Ụ	eR#fnX싻R0\ZBY.kJG?I݇*Qۡk/C@R>2\"].ᴰǟpJ]ٽYCIH%[kLUX`ʤSy\rW`MHbYAr4w\0^G31#Lx)EGI\n{OO<</ArbZkԷN\\<Z3bK&kڈ4}9s讃Wo`/>\\	&Jf\\cg蕆Ɠo\ZQ1H<l%uP<[Rnϭѳǭ퇫t4-7>ssPS*IjotzUkM]bl2?T ̑gzƮg<3^8g(2P0t37\rCmM7~:Jeye27\n2ZON|gn̊2,oҲ~+\n։ݵ=-6ɓ߃ƙUC>Bp0 `\\ݱۘPj*d[B%4NC6ϫZǹܿeg1goلinɫ\0h?U=\0\r?\Z\ncش24]\Z\"CUo5iX6pjoj2101mǴw`aŴ\'\"H_OLc\0/\\f`giTtzMƜpՋR\Zt8#{HQ^K$\nR?CWޝN(ї,DlTB;v(\Z:','2020-12-11 14:02:01'),(711,156,'audit/request','xVKsF>p~WZIB@\0޸g\0If/9RNWvݦ:~tg]ά<-u#u]ik\r𺦮:cOM{r4˺\",곯eɻo=l5|gj[Li>xuc4NhY_/CH\nPH$$Ow2BQc@O:!=ӖFA<c䳅e3no!B*[p8uD|ŞAԱ,˅(K*_C{cչ8O#05JL߳-\',ٴIG,P7ZIEEO(9ɁexN2cײ:OA،U	Qtͥa+WE!-eQ%\\絥i.[Y0\"9K\\؂.deiʖukٮ\\/0MI\n\0Pf(\r?D@e׷a4^8m]8!\nmHZeMU5UEyE+<L	q\rE	˵iW:BMW%vk͇Ee<2GSp8Q-@XǼbnƼeu|`-v<KldQP~2M@1ptev$0p}_͠vV%F8taINafr8Zw8d7Op]>\n^M3h\0:fq-i5eN!+q!Pd;\"Qҷ҉_RiEZw#;#ގ0)%+06 \\\'n٬t\nOvN1\r2;L^c 1vircyZ1}/F5]UY%\'܈3yӂM2r58G kg|#3t7l&~$B@35bd}\'Z /NBߧ\rMb~% P©\n`䱘\"7`3m\'r\nӵ}	\Zr\"!\Z^rEtuAo~QHˉJ6~4\\ٷ\0I?','2020-12-11 14:06:41'),(712,156,'audit/db','xX]8}ϯ41Q(a:e\nV*\rnv S Fk 3!DDVDq9=7	9O9g<?\n9\")D^rPvatŽۙ{pŅ/\"Q̑<\',1M>2WI\"۔(B*c\r+\Z瘫e<+Ug`iօIQT¤51iKϲ-s\\7:|fLV\0UY=J:{$YrLkύt)\"??ޭ!{UEJ|M$.|jzSxQSaj\Zsv`\\\rΝF:b)Ù	\ZV!%;DsՋއ;9߇Aʥsq5ԙeۑn\Z\Zcu0DQ&c]wQXQ!P6Sǳfs /rպ_&3/DVQdQ0\Z fo57ARN``6KC,]<	ayL\'Oܭ ƴ\'SWTZ+rAfAbC\n9IY։u~!s8ˊ*cfgtV@عȟjvEw݉NQNGoN/\"˂+aV=0f}׻ [S`aŐn0TN\\.DTq\ny~b̭QϒPBt2Jc,A\'\"Ye?	c!GuG!Z,/rbkv-H&?MV','2020-12-11 14:06:41'),(713,156,'audit/log','xVo@~&mow]VXEzG\"zM&\nXKMOŷKM;73_ceLf͈g7Y׷A@Rִo;p55Yִغqf?dH\\D\\XaĚ0|fZE^00(QE]`,I\\:{II{\\$	hk0%8~&1*{yfOI	f`{/v+?!X\"pT:JH{=QY[7tm\0Y=#sH S/sz߱~^FqXǺCg^\Zz\'<\'f^Ȋ{5zcaWT\'y[H5mw߭y~ajM`%v__WMuA~\Z\"@l`m#`N	)lj-q-\Zw7އq {ow;ΪMNЪ}k4uT3yRWQz)CH(ȴ\nX2%;MhE,w\"?%AO_1mnE<߾-3ҌQqs0HAQ}_/eIL~LRf.ú,f$ULc!EKFҮ/R>\'mN\Z;҅Ð;E\\;~Lp4+^HX<<M\n\\\ru[;ۂe\"c.@LLιNVXssN4Enr~\0/(!eJ`,8G<Jҕy\0K\nFM{;u:T}uqB}`','2020-12-11 14:06:41'),(714,156,'audit/profiling','xXQ6~WXH{[qǈ,doiP餓@|Q7a/	աv.Bu*q233p5qʛى8MdfŢ	91B\r5D ֙aLeY(f\'W.(%těD#߂\"I<	*̟Y}ϼp	gI5R0Tx*/\r&\"\n\rjus\"@\Z!bPZ){ Mz\"HkdR I&cޏ>pzqx\0`F\'<]K*8HBο-E:Lf&M^bxJ3LԨäi2Q&0dVM\Z@~Kw2s|,O(=TzWC#\Zɱ}gmgu;+:*REYޛ^Q.q|]qO\"&kmv7~9\rԵ>n@(`uYk8n1Q8*,F]l+!w{Ua25ŋƧ{އvAjR\':]M.hUjoV!jJ`B*=v)K]Jh!P\ZC$jO\\nO\\Jl9g{ȟz2OEo߬vU+SK\ZzÁ@ !ǩK]u~d~lodcZ\'cC;T#U	Zn=eR!`w	}n!s8ˎ^RV輭hv+YAqK]`ݝ4];Q~jݙH3p%	^^W:L=wۻ\Z)gn!LCa]91*`u,44T8CNf׾5F][:.7bQJMc	<uݜMGE:=_3]03(âp_NЦA0Z{~|','2020-12-11 14:06:41');
/*!40000 ALTER TABLE `audit_data` ENABLE KEYS */;
UNLOCK TABLES;

--
-- Table structure for table `audit_entry`
--

DROP TABLE IF EXISTS `audit_entry`;
/*!40101 SET @saved_cs_client     = @@character_set_client */;
/*!40101 SET character_set_client = utf8 */;
CREATE TABLE `audit_entry` (
  `id` int(11) NOT NULL AUTO_INCREMENT,
  `created` datetime NOT NULL,
  `user_id` int(11) DEFAULT 0,
  `duration` float DEFAULT NULL,
  `ip` varchar(45) DEFAULT NULL,
  `request_method` varchar(16) DEFAULT NULL,
  `ajax` int(1) NOT NULL DEFAULT 0,
  `route` varchar(255) DEFAULT NULL,
  `memory_max` int(11) DEFAULT NULL,
  PRIMARY KEY (`id`),
  KEY `idx_user_id` (`user_id`),
  KEY `idx_route` (`route`)
) ENGINE=InnoDB AUTO_INCREMENT=157 DEFAULT CHARSET=utf8;
/*!40101 SET character_set_client = @saved_cs_client */;

--
-- Dumping data for table `audit_entry`
--

LOCK TABLES `audit_entry` WRITE;
/*!40000 ALTER TABLE `audit_entry` DISABLE KEYS */;
INSERT INTO `audit_entry` VALUES (122,'2020-12-11 13:46:13',NULL,0.619568,'172.18.0.1','GET',0,'user/admin/update',3960680),(123,'2020-12-11 13:46:13',NULL,0.436475,'172.18.0.1','GET',0,'user/security/login',3765872),(124,'2020-12-11 13:47:00',NULL,0.293832,'172.18.0.1','POST',1,'user/security/login',3113560),(125,'2020-12-11 13:47:14',NULL,0.265043,'172.18.0.1','POST',1,'user/security/login',2942488),(126,'2020-12-11 13:47:15',1,0.412564,'172.18.0.1','POST',0,'user/security/login',3062512),(127,'2020-12-11 13:47:15',NULL,0.110354,'172.18.0.1','GET',0,'site/index',3072440),(128,'2020-12-11 13:48:59',NULL,0.204392,'172.18.0.1','GET',0,'site/login',3183520),(129,'2020-12-11 13:49:03',NULL,0.196447,'172.18.0.1','GET',0,'site/index',3070984),(130,'2020-12-11 13:49:05',NULL,0.11176,'172.18.0.1','GET',0,'user/security/login',3145328),(131,'2020-12-11 13:49:54',NULL,0.357361,'172.18.0.1','GET',0,'site/login',3232808),(132,'2020-12-11 13:50:14',NULL,0.070096,'172.18.0.1','GET',0,'site/login',3233440),(133,'2020-12-11 13:50:16',NULL,0.0670061,'172.18.0.1','GET',0,'user/security/login',3145256),(134,'2020-12-11 13:50:17',NULL,0.0668612,'172.18.0.1','GET',0,'user/security/login',3145256),(135,'2020-12-11 13:50:51',NULL,0.0859449,'172.18.0.1','GET',0,'user/security/login',3179456),(136,'2020-12-11 13:52:03',NULL,0.0701251,'172.18.0.1','GET',0,'user/security/login',3226976),(137,'2020-12-11 13:52:13',NULL,0.10755,'172.18.0.1','GET',0,'user/security/login',3160784),(138,'2020-12-11 13:52:24',NULL,0.243453,'172.18.0.1','POST',1,'user/security/login',2942808),(139,'2020-12-11 13:52:24',1,0.22452,'172.18.0.1','POST',0,'user/security/login',2974416),(140,'2020-12-11 13:52:25',NULL,0.183509,'172.18.0.1','GET',0,'site/index',3072504),(141,'2020-12-11 13:53:09',NULL,0.102095,'172.18.0.1','GET',0,'site/index',3070336),(142,'2020-12-11 13:53:57',NULL,0.100543,'172.18.0.1','GET',0,'site/index',3070264),(143,'2020-12-11 13:54:13',NULL,0.0511191,'172.18.0.1','GET',0,'site/index',3070264),(144,'2020-12-11 13:54:19',NULL,0.213582,'172.18.0.1','GET',0,'site/index',3070168),(145,'2020-12-11 13:54:32',NULL,0.211625,'172.18.0.1','GET',0,'site/index',3070168),(146,'2020-12-11 13:54:33',NULL,0.065774,'172.18.0.1','GET',0,'site/index',3069600),(147,'2020-12-11 13:54:40',NULL,0.0918431,'172.18.0.1','GET',0,'site/index',3070264),(148,'2020-12-11 13:54:52',NULL,0.0911281,'172.18.0.1','GET',0,'site/index',3070168),(149,'2020-12-11 13:56:23',NULL,0.0729599,'172.18.0.1','GET',0,'site/index',3075112),(150,'2020-12-11 13:59:00',NULL,0.067766,'172.18.0.1','GET',0,'site/index',3069504),(151,'2020-12-11 13:59:02',NULL,0.052309,'172.18.0.1','GET',0,'site/index',3068936),(152,'2020-12-11 13:59:04',NULL,0.195743,'172.18.0.1','GET',0,'site/index',3069504),(153,'2020-12-11 13:59:41',NULL,0.086766,'172.18.0.1','GET',0,'site/index',3069472),(154,'2020-12-11 14:01:22',NULL,0.0752449,'172.18.0.1','GET',0,'site/index',3102472),(155,'2020-12-11 14:02:01',NULL,0.0677481,'172.18.0.1','GET',0,'site/index',3069560),(156,'2020-12-11 14:06:41',0,0.644951,NULL,'CLI',0,'migrate/up',2592112);
/*!40000 ALTER TABLE `audit_entry` ENABLE KEYS */;
UNLOCK TABLES;

--
-- Table structure for table `audit_error`
--

DROP TABLE IF EXISTS `audit_error`;
/*!40101 SET @saved_cs_client     = @@character_set_client */;
/*!40101 SET character_set_client = utf8 */;
CREATE TABLE `audit_error` (
  `id` int(11) NOT NULL AUTO_INCREMENT,
  `entry_id` int(11) NOT NULL,
  `created` datetime NOT NULL,
  `message` text NOT NULL,
  `code` int(11) DEFAULT 0,
  `file` varchar(512) DEFAULT NULL,
  `line` int(11) DEFAULT NULL,
  `trace` blob DEFAULT NULL,
  `hash` varchar(32) DEFAULT NULL,
  `emailed` tinyint(1) NOT NULL DEFAULT 0,
  PRIMARY KEY (`id`),
  KEY `fk_audit_error_entry_id` (`entry_id`),
  KEY `idx_file` (`file`(180)),
  KEY `idx_emailed` (`emailed`),
  CONSTRAINT `fk_audit_error_entry_id` FOREIGN KEY (`entry_id`) REFERENCES `audit_entry` (`id`)
) ENGINE=InnoDB DEFAULT CHARSET=utf8;
/*!40101 SET character_set_client = @saved_cs_client */;

--
-- Dumping data for table `audit_error`
--

LOCK TABLES `audit_error` WRITE;
/*!40000 ALTER TABLE `audit_error` DISABLE KEYS */;
/*!40000 ALTER TABLE `audit_error` ENABLE KEYS */;
UNLOCK TABLES;

--
-- Table structure for table `audit_javascript`
--

DROP TABLE IF EXISTS `audit_javascript`;
/*!40101 SET @saved_cs_client     = @@character_set_client */;
/*!40101 SET character_set_client = utf8 */;
CREATE TABLE `audit_javascript` (
  `id` int(11) NOT NULL AUTO_INCREMENT,
  `entry_id` int(11) NOT NULL,
  `created` datetime NOT NULL,
  `type` varchar(20) NOT NULL,
  `message` text NOT NULL,
  `origin` varchar(512) DEFAULT NULL,
  `data` blob DEFAULT NULL,
  PRIMARY KEY (`id`),
  KEY `fk_audit_javascript_entry_id` (`entry_id`),
  CONSTRAINT `fk_audit_javascript_entry_id` FOREIGN KEY (`entry_id`) REFERENCES `audit_entry` (`id`)
) ENGINE=InnoDB DEFAULT CHARSET=utf8;
/*!40101 SET character_set_client = @saved_cs_client */;

--
-- Dumping data for table `audit_javascript`
--

LOCK TABLES `audit_javascript` WRITE;
/*!40000 ALTER TABLE `audit_javascript` DISABLE KEYS */;
/*!40000 ALTER TABLE `audit_javascript` ENABLE KEYS */;
UNLOCK TABLES;

--
-- Table structure for table `audit_mail`
--

DROP TABLE IF EXISTS `audit_mail`;
/*!40101 SET @saved_cs_client     = @@character_set_client */;
/*!40101 SET character_set_client = utf8 */;
CREATE TABLE `audit_mail` (
  `id` int(11) NOT NULL AUTO_INCREMENT,
  `entry_id` int(11) NOT NULL,
  `created` datetime NOT NULL,
  `successful` int(11) NOT NULL,
  `from` varchar(255) DEFAULT NULL,
  `to` varchar(255) DEFAULT NULL,
  `reply` varchar(255) DEFAULT NULL,
  `cc` varchar(255) DEFAULT NULL,
  `bcc` varchar(255) DEFAULT NULL,
  `subject` varchar(255) DEFAULT NULL,
  `text` blob DEFAULT NULL,
  `html` blob DEFAULT NULL,
  `data` longblob DEFAULT NULL,
  PRIMARY KEY (`id`),
  KEY `fk_audit_mail_entry_id` (`entry_id`),
  CONSTRAINT `fk_audit_mail_entry_id` FOREIGN KEY (`entry_id`) REFERENCES `audit_entry` (`id`)
) ENGINE=InnoDB AUTO_INCREMENT=2 DEFAULT CHARSET=utf8;
/*!40101 SET character_set_client = @saved_cs_client */;

--
-- Dumping data for table `audit_mail`
--

LOCK TABLES `audit_mail` WRITE;
/*!40000 ALTER TABLE `audit_mail` DISABLE KEYS */;
/*!40000 ALTER TABLE `audit_mail` ENABLE KEYS */;
UNLOCK TABLES;

--
-- Table structure for table `audit_trail`
--

DROP TABLE IF EXISTS `audit_trail`;
/*!40101 SET @saved_cs_client     = @@character_set_client */;
/*!40101 SET character_set_client = utf8 */;
CREATE TABLE `audit_trail` (
  `id` int(11) NOT NULL AUTO_INCREMENT,
  `entry_id` int(11) DEFAULT NULL,
  `user_id` int(11) DEFAULT NULL,
  `action` varchar(255) NOT NULL,
  `model` varchar(255) NOT NULL,
  `model_id` varchar(255) NOT NULL,
  `field` varchar(255) DEFAULT NULL,
  `old_value` text DEFAULT NULL,
  `new_value` text DEFAULT NULL,
  `created` datetime NOT NULL,
  PRIMARY KEY (`id`),
  KEY `fk_audit_trail_entry_id` (`entry_id`),
  KEY `idx_audit_user_id` (`user_id`),
  KEY `idx_audit_trail_field` (`model`,`model_id`,`field`),
  KEY `idx_audit_trail_action` (`action`),
  CONSTRAINT `fk_audit_trail_entry_id` FOREIGN KEY (`entry_id`) REFERENCES `audit_entry` (`id`)
) ENGINE=InnoDB DEFAULT CHARSET=utf8;
/*!40101 SET character_set_client = @saved_cs_client */;

--
-- Dumping data for table `audit_trail`
--

LOCK TABLES `audit_trail` WRITE;
/*!40000 ALTER TABLE `audit_trail` DISABLE KEYS */;
/*!40000 ALTER TABLE `audit_trail` ENABLE KEYS */;
UNLOCK TABLES;

--
-- Table structure for table `banco`
--

DROP TABLE IF EXISTS `banco`;
/*!40101 SET @saved_cs_client     = @@character_set_client */;
/*!40101 SET character_set_client = utf8 */;
CREATE TABLE `banco` (
  `id` int(11) NOT NULL,
  `nombre` varchar(45) DEFAULT NULL,
  PRIMARY KEY (`id`)
) ENGINE=InnoDB DEFAULT CHARSET=utf8;
/*!40101 SET character_set_client = @saved_cs_client */;

--
-- Dumping data for table `banco`
--

LOCK TABLES `banco` WRITE;
/*!40000 ALTER TABLE `banco` DISABLE KEYS */;
INSERT INTO `banco` VALUES (1,'Patagonia');
/*!40000 ALTER TABLE `banco` ENABLE KEYS */;
UNLOCK TABLES;

--
-- Table structure for table `cuenta`
--

DROP TABLE IF EXISTS `cuenta`;
/*!40101 SET @saved_cs_client     = @@character_set_client */;
/*!40101 SET character_set_client = utf8 */;
CREATE TABLE `cuenta` (
  `id` int(11) NOT NULL AUTO_INCREMENT,
  `cbu` varchar(45) NOT NULL,
  `personaid` int(11) NOT NULL,
  `bancoid` int(11) NOT NULL,
  `tipo_cuentaid` int(11) NOT NULL,
  `create_at` datetime DEFAULT NULL COMMENT ' Nos indica de donde fue dado de alta\n',
  `tesoreria_alta` tinyint(4) DEFAULT 0,
  PRIMARY KEY (`id`),
  UNIQUE KEY `cbu_UNIQUE` (`cbu`),
  KEY `fk_cuenta_banco_idx` (`bancoid`),
  KEY `fk_cuenta_tipo_cuenta1_idx` (`tipo_cuentaid`),
  CONSTRAINT `fk_cuenta_banco` FOREIGN KEY (`bancoid`) REFERENCES `banco` (`id`) ON DELETE NO ACTION ON UPDATE NO ACTION,
  CONSTRAINT `fk_cuenta_tipo_cuenta1` FOREIGN KEY (`tipo_cuentaid`) REFERENCES `tipo_cuenta` (`id`) ON DELETE NO ACTION ON UPDATE NO ACTION
) ENGINE=InnoDB DEFAULT CHARSET=utf8;
/*!40101 SET character_set_client = @saved_cs_client */;

--
-- Dumping data for table `cuenta`
--

LOCK TABLES `cuenta` WRITE;
/*!40000 ALTER TABLE `cuenta` DISABLE KEYS */;
/*!40000 ALTER TABLE `cuenta` ENABLE KEYS */;
UNLOCK TABLES;

--
-- Table structure for table `migration`
--

DROP TABLE IF EXISTS `migration`;
/*!40101 SET @saved_cs_client     = @@character_set_client */;
/*!40101 SET character_set_client = utf8 */;
CREATE TABLE `migration` (
  `version` varchar(180) NOT NULL,
  `apply_time` int(11) DEFAULT NULL,
  PRIMARY KEY (`version`)
) ENGINE=InnoDB DEFAULT CHARSET=utf8;
/*!40101 SET character_set_client = @saved_cs_client */;

--
-- Dumping data for table `migration`
--

LOCK TABLES `migration` WRITE;
/*!40000 ALTER TABLE `migration` DISABLE KEYS */;
INSERT INTO `migration` VALUES ('bedezign\\yii2\\audit\\migrations\\m150626_000001_create_audit_entry',1604425456),('bedezign\\yii2\\audit\\migrations\\m150626_000002_create_audit_data',1604425457),('bedezign\\yii2\\audit\\migrations\\m150626_000003_create_audit_error',1604425459),('bedezign\\yii2\\audit\\migrations\\m150626_000004_create_audit_trail',1604425461),('bedezign\\yii2\\audit\\migrations\\m150626_000005_create_audit_javascript',1604425462),('bedezign\\yii2\\audit\\migrations\\m150626_000006_create_audit_mail',1604425463),('bedezign\\yii2\\audit\\migrations\\m150714_000001_alter_audit_data',1604425463),('bedezign\\yii2\\audit\\migrations\\m170126_000001_alter_audit_mail',1604425464),('m000000_000000_base',1604425436),('m140209_132017_init',1604425449),('m140403_174025_create_account_table',1604425450),('m140504_113157_update_tables',1604425451),('m140504_130429_create_token_table',1604425453),('m140830_171933_fix_ip_field',1604425453),('m140830_172703_change_account_table_name',1604425454),('m141222_110026_update_ip_field',1604425455),('m141222_135246_alter_username_length',1604425455),('m150614_103145_update_social_account_table',1604425455),('m150623_212711_fix_username_notnull',1604425455),('m151218_234654_add_timezone_to_profile',1604425463),('m160929_103127_add_last_login_at_to_user_table',1604425463);
/*!40000 ALTER TABLE `migration` ENABLE KEYS */;
UNLOCK TABLES;

--
-- Table structure for table `prestacion`
--

DROP TABLE IF EXISTS `prestacion`;
/*!40101 SET @saved_cs_client     = @@character_set_client */;
/*!40101 SET character_set_client = utf8 */;
CREATE TABLE `prestacion` (
  `id` int(11) NOT NULL AUTO_INCREMENT,
  `monto` double NOT NULL,
  `create_at` datetime NOT NULL,
  `proposito` text DEFAULT NULL,
  `observacion` text DEFAULT NULL,
  `sub_sucursalid` int(11) NOT NULL,
  `personaid` int(11) NOT NULL,
  `estado` tinyint(4) DEFAULT NULL COMMENT '0 - Sin CBU\n1 - Con CBU\n2 - En tesoreria',
  `fecha_ingreso` date NOT NULL COMMENT 'Esta fecha nos indica cuando fue la solicitud de esta prestacion\n',
  PRIMARY KEY (`id`),
  KEY `fk_prestacion_sub_sucursal1_idx` (`sub_sucursalid`),
  CONSTRAINT `fk_prestacion_sub_sucursal1` FOREIGN KEY (`sub_sucursalid`) REFERENCES `sub_sucursal` (`id`) ON DELETE NO ACTION ON UPDATE NO ACTION
) ENGINE=InnoDB DEFAULT CHARSET=utf8;
/*!40101 SET character_set_client = @saved_cs_client */;

--
-- Dumping data for table `prestacion`
--

LOCK TABLES `prestacion` WRITE;
/*!40000 ALTER TABLE `prestacion` DISABLE KEYS */;
/*!40000 ALTER TABLE `prestacion` ENABLE KEYS */;
UNLOCK TABLES;

--
-- Table structure for table `profile`
--

DROP TABLE IF EXISTS `profile`;
/*!40101 SET @saved_cs_client     = @@character_set_client */;
/*!40101 SET character_set_client = utf8 */;
CREATE TABLE `profile` (
  `user_id` int(11) NOT NULL,
  `name` varchar(255) COLLATE utf8_unicode_ci DEFAULT NULL,
  `public_email` varchar(255) COLLATE utf8_unicode_ci DEFAULT NULL,
  `gravatar_email` varchar(255) COLLATE utf8_unicode_ci DEFAULT NULL,
  `gravatar_id` varchar(32) COLLATE utf8_unicode_ci DEFAULT NULL,
  `location` varchar(255) COLLATE utf8_unicode_ci DEFAULT NULL,
  `website` varchar(255) COLLATE utf8_unicode_ci DEFAULT NULL,
  `bio` text COLLATE utf8_unicode_ci DEFAULT NULL,
  `timezone` varchar(40) COLLATE utf8_unicode_ci DEFAULT NULL,
  PRIMARY KEY (`user_id`),
  CONSTRAINT `fk_user_profile` FOREIGN KEY (`user_id`) REFERENCES `user` (`id`) ON DELETE CASCADE
) ENGINE=InnoDB DEFAULT CHARSET=utf8 COLLATE=utf8_unicode_ci;
/*!40101 SET character_set_client = @saved_cs_client */;

--
-- Dumping data for table `profile`
--

LOCK TABLES `profile` WRITE;
/*!40000 ALTER TABLE `profile` DISABLE KEYS */;
INSERT INTO `profile` VALUES (1,NULL,NULL,NULL,NULL,NULL,NULL,NULL,NULL);
/*!40000 ALTER TABLE `profile` ENABLE KEYS */;
UNLOCK TABLES;

--
-- Table structure for table `social_account`
--

DROP TABLE IF EXISTS `social_account`;
/*!40101 SET @saved_cs_client     = @@character_set_client */;
/*!40101 SET character_set_client = utf8 */;
CREATE TABLE `social_account` (
  `id` int(11) NOT NULL AUTO_INCREMENT,
  `user_id` int(11) DEFAULT NULL,
  `provider` varchar(255) COLLATE utf8_unicode_ci NOT NULL,
  `client_id` varchar(255) COLLATE utf8_unicode_ci NOT NULL,
  `data` text COLLATE utf8_unicode_ci DEFAULT NULL,
  `code` varchar(32) COLLATE utf8_unicode_ci DEFAULT NULL,
  `created_at` int(11) DEFAULT NULL,
  `email` varchar(255) COLLATE utf8_unicode_ci DEFAULT NULL,
  `username` varchar(255) COLLATE utf8_unicode_ci DEFAULT NULL,
  PRIMARY KEY (`id`),
  UNIQUE KEY `account_unique` (`provider`,`client_id`),
  UNIQUE KEY `account_unique_code` (`code`),
  KEY `fk_user_account` (`user_id`),
  CONSTRAINT `fk_user_account` FOREIGN KEY (`user_id`) REFERENCES `user` (`id`) ON DELETE CASCADE
) ENGINE=InnoDB DEFAULT CHARSET=utf8 COLLATE=utf8_unicode_ci;
/*!40101 SET character_set_client = @saved_cs_client */;

--
-- Dumping data for table `social_account`
--

LOCK TABLES `social_account` WRITE;
/*!40000 ALTER TABLE `social_account` DISABLE KEYS */;
/*!40000 ALTER TABLE `social_account` ENABLE KEYS */;
UNLOCK TABLES;

--
-- Table structure for table `sub_sucursal`
--

DROP TABLE IF EXISTS `sub_sucursal`;
/*!40101 SET @saved_cs_client     = @@character_set_client */;
/*!40101 SET character_set_client = utf8 */;
CREATE TABLE `sub_sucursal` (
  `id` int(11) NOT NULL AUTO_INCREMENT,
  `localidad` varchar(45) DEFAULT NULL,
  `codigo_postal` varchar(45) DEFAULT NULL,
  `codigo` varchar(45) DEFAULT NULL,
  `sucursalid` int(11) NOT NULL,
  PRIMARY KEY (`id`),
  KEY `fk_sub_sucursal_sucursal1_idx` (`sucursalid`),
  CONSTRAINT `fk_sub_sucursal_sucursal1` FOREIGN KEY (`sucursalid`) REFERENCES `sucursal` (`id`) ON DELETE NO ACTION ON UPDATE NO ACTION
) ENGINE=InnoDB AUTO_INCREMENT=38 DEFAULT CHARSET=utf8;
/*!40101 SET character_set_client = @saved_cs_client */;

--
-- Dumping data for table `sub_sucursal`
--

LOCK TABLES `sub_sucursal` WRITE;
/*!40000 ALTER TABLE `sub_sucursal` DISABLE KEYS */;
INSERT INTO `sub_sucursal` VALUES (1,'Allen','8328','161014',14),(2,'Bariloche','8400','161399',3),(3,'Pilcaniyeu','8412','161355',3),(4,'C. Belisle','8364','161127',1),(5,'C. Cordero','8301','161124',1),(6,'Campo Grande','','',1),(7,'Catriel','8307','161073',11),(8,'Cervantes','8326','161085',2),(9,'Cinco Saltos','8303','161103',1),(10,'Cipoletti','8324','161104',13),(11,'Comallo','8416','161120',3),(12,'Chinchinales','8326','161095',4),(13,'Ing. Huergo','8334','161196',4),(14,'Mainque','8326','161296',4),(15,'Villa Regina','8336','161452',4),(16,'Chimpay','8364','161096',5),(17,'Choele Choel','8360','161099',5),(18,'Darwin','8364','161143',5),(19,'Lamarque','8363','161267',5),(20,'Pomona','8363','161359',5),(21,'El Bolson','8430','161147',15),(22,'Fernandez Oro','8324','161183',6),(23,'General Conesa','8503','161181',16),(24,'General E. Godoy','8336','161182',4),(25,'General Roca','8332','161187',2),(26,'Guardia Mitre','8505','161188',7),(27,'Patagones','8504','21965',7),(28,'San Javier','8501','',7),(29,'Viedma','8500','161446',7),(30,'Ingeniero Jacobacci','8418','161197',17),(31,'Los Menucos','8426','161286',8),(32,'Manquichao','8422','161301',8),(33,'Sierra Colorada','8534','161424',8),(34,'Luis Beltran','8361','161292',5),(35,'Ramos Mexia','8534','161309',9),(36,'Sierra Grande','8532','161426',9),(37,'Valcheta','8536','161442',9);
/*!40000 ALTER TABLE `sub_sucursal` ENABLE KEYS */;
UNLOCK TABLES;

--
-- Table structure for table `sucursal`
--

DROP TABLE IF EXISTS `sucursal`;
/*!40101 SET @saved_cs_client     = @@character_set_client */;
/*!40101 SET character_set_client = utf8 */;
CREATE TABLE `sucursal` (
  `id` int(11) NOT NULL AUTO_INCREMENT,
  `nombre` varchar(45) DEFAULT NULL,
  `codigo` varchar(45) DEFAULT NULL,
  PRIMARY KEY (`id`)
) ENGINE=InnoDB AUTO_INCREMENT=18 DEFAULT CHARSET=utf8;
/*!40101 SET character_set_client = @saved_cs_client */;

--
-- Dumping data for table `sucursal`
--

LOCK TABLES `sucursal` WRITE;
/*!40000 ALTER TABLE `sucursal` DISABLE KEYS */;
INSERT INTO `sucursal` VALUES (1,'Cinco Saltos','256'),(2,'General Roca','220'),(3,'Bariloche','255'),(4,'Villa Regina','253'),(5,'Choele Choel','264'),(6,'Fernandez Oro','388'),(7,'Viedma','250'),(8,'Los Menucos','387'),(9,'San Antonio Oeste','252'),(10,'Beltran','286'),(11,'Catriel','257'),(12,'Rio Colorado','258'),(13,'Cipoletti','251'),(14,'Allen','265'),(15,'El Bolson','263'),(16,'General Conesa','259'),(17,'Ing. Jacobacci','261');
/*!40000 ALTER TABLE `sucursal` ENABLE KEYS */;
UNLOCK TABLES;

--
-- Table structure for table `tipo_cuenta`
--

DROP TABLE IF EXISTS `tipo_cuenta`;
/*!40101 SET @saved_cs_client     = @@character_set_client */;
/*!40101 SET character_set_client = utf8 */;
CREATE TABLE `tipo_cuenta` (
  `id` int(11) NOT NULL AUTO_INCREMENT,
  `nombre` varchar(45) NOT NULL,
  PRIMARY KEY (`id`)
) ENGINE=InnoDB AUTO_INCREMENT=3 DEFAULT CHARSET=utf8;
/*!40101 SET character_set_client = @saved_cs_client */;

--
-- Dumping data for table `tipo_cuenta`
--

LOCK TABLES `tipo_cuenta` WRITE;
/*!40000 ALTER TABLE `tipo_cuenta` DISABLE KEYS */;
INSERT INTO `tipo_cuenta` VALUES (1,'Cuenta Corriente'),(2,'Caja de Ahorro');
/*!40000 ALTER TABLE `tipo_cuenta` ENABLE KEYS */;
UNLOCK TABLES;

--
-- Table structure for table `token`
--

DROP TABLE IF EXISTS `token`;
/*!40101 SET @saved_cs_client     = @@character_set_client */;
/*!40101 SET character_set_client = utf8 */;
CREATE TABLE `token` (
  `user_id` int(11) NOT NULL,
  `code` varchar(32) COLLATE utf8_unicode_ci NOT NULL,
  `created_at` int(11) NOT NULL,
  `type` smallint(6) NOT NULL,
  UNIQUE KEY `token_unique` (`user_id`,`code`,`type`),
  CONSTRAINT `fk_user_token` FOREIGN KEY (`user_id`) REFERENCES `user` (`id`) ON DELETE CASCADE
) ENGINE=InnoDB DEFAULT CHARSET=utf8 COLLATE=utf8_unicode_ci;
/*!40101 SET character_set_client = @saved_cs_client */;

--
-- Dumping data for table `token`
--

LOCK TABLES `token` WRITE;
/*!40000 ALTER TABLE `token` DISABLE KEYS */;
/*!40000 ALTER TABLE `token` ENABLE KEYS */;
UNLOCK TABLES;

--
-- Table structure for table `user`
--

DROP TABLE IF EXISTS `user`;
/*!40101 SET @saved_cs_client     = @@character_set_client */;
/*!40101 SET character_set_client = utf8 */;
CREATE TABLE `user` (
  `id` int(11) NOT NULL AUTO_INCREMENT,
  `username` varchar(255) COLLATE utf8_unicode_ci NOT NULL,
  `email` varchar(255) COLLATE utf8_unicode_ci NOT NULL,
  `password_hash` varchar(60) COLLATE utf8_unicode_ci NOT NULL,
  `auth_key` varchar(32) COLLATE utf8_unicode_ci NOT NULL,
  `confirmed_at` int(11) DEFAULT NULL,
  `unconfirmed_email` varchar(255) COLLATE utf8_unicode_ci DEFAULT NULL,
  `blocked_at` int(11) DEFAULT NULL,
  `registration_ip` varchar(45) COLLATE utf8_unicode_ci DEFAULT NULL,
  `created_at` int(11) NOT NULL,
  `updated_at` int(11) NOT NULL,
  `flags` int(11) NOT NULL DEFAULT 0,
  `last_login_at` int(11) DEFAULT NULL,
  PRIMARY KEY (`id`),
  UNIQUE KEY `user_unique_username` (`username`),
  UNIQUE KEY `user_unique_email` (`email`)
) ENGINE=InnoDB AUTO_INCREMENT=2 DEFAULT CHARSET=utf8 COLLATE=utf8_unicode_ci;
/*!40101 SET character_set_client = @saved_cs_client */;

--
-- Dumping data for table `user`
--

LOCK TABLES `user` WRITE;
/*!40000 ALTER TABLE `user` DISABLE KEYS */;
INSERT INTO `user` VALUES (1,'admin','admin@correo.com','$2y$10$MjbC0Kz/xjyO0.aHr2kKDeMrVMx5q1iXpfUqbH0YzgggsCHNfrGGC','sbkJe8GTYk9a8y_F52gvKHSN2_j83bQC',1604425496,NULL,NULL,'172.20.0.2',1604425496,1607614355,0,1607694745);
/*!40000 ALTER TABLE `user` ENABLE KEYS */;
UNLOCK TABLES;
/*!40103 SET TIME_ZONE=@OLD_TIME_ZONE */;

/*!40101 SET SQL_MODE=@OLD_SQL_MODE */;
/*!40014 SET FOREIGN_KEY_CHECKS=@OLD_FOREIGN_KEY_CHECKS */;
/*!40014 SET UNIQUE_CHECKS=@OLD_UNIQUE_CHECKS */;
/*!40101 SET CHARACTER_SET_CLIENT=@OLD_CHARACTER_SET_CLIENT */;
/*!40101 SET CHARACTER_SET_RESULTS=@OLD_CHARACTER_SET_RESULTS */;
/*!40101 SET COLLATION_CONNECTION=@OLD_COLLATION_CONNECTION */;
/*!40111 SET SQL_NOTES=@OLD_SQL_NOTES */;

-- Dump completed on 2020-12-11 14:08:55
