-- MySQL dump 10.16  Distrib 10.1.47-MariaDB, for debian-linux-gnu (x86_64)
--
-- Host: 127.0.0.1    Database: gcb
-- ------------------------------------------------------
-- Server version	10.4.12-MariaDB-1:10.4.12+maria~bionic

/*!40101 SET @OLD_CHARACTER_SET_CLIENT=@@CHARACTER_SET_CLIENT */;
/*!40101 SET @OLD_CHARACTER_SET_RESULTS=@@CHARACTER_SET_RESULTS */;
/*!40101 SET @OLD_COLLATION_CONNECTION=@@COLLATION_CONNECTION */;
/*!40101 SET NAMES utf8 */;
/*!40103 SET @OLD_TIME_ZONE=@@TIME_ZONE */;
/*!40103 SET TIME_ZONE='+00:00' */;
/*!40014 SET @OLD_UNIQUE_CHECKS=@@UNIQUE_CHECKS, UNIQUE_CHECKS=0 */;
/*!40014 SET @OLD_FOREIGN_KEY_CHECKS=@@FOREIGN_KEY_CHECKS, FOREIGN_KEY_CHECKS=0 */;
/*!40101 SET @OLD_SQL_MODE=@@SQL_MODE, SQL_MODE='NO_AUTO_VALUE_ON_ZERO' */;
/*!40111 SET @OLD_SQL_NOTES=@@SQL_NOTES, SQL_NOTES=0 */;

--
-- Table structure for table `audit_data`
--

DROP TABLE IF EXISTS `audit_data`;
/*!40101 SET @saved_cs_client     = @@character_set_client */;
/*!40101 SET character_set_client = utf8 */;
CREATE TABLE `audit_data` (
  `id` int(11) NOT NULL AUTO_INCREMENT,
  `entry_id` int(11) NOT NULL,
  `type` varchar(255) NOT NULL,
  `data` blob DEFAULT NULL,
  `created` datetime DEFAULT NULL,
  PRIMARY KEY (`id`),
  KEY `fk_audit_data_entry_id` (`entry_id`),
  CONSTRAINT `fk_audit_data_entry_id` FOREIGN KEY (`entry_id`) REFERENCES `audit_entry` (`id`)
) ENGINE=InnoDB AUTO_INCREMENT=17 DEFAULT CHARSET=utf8;
/*!40101 SET character_set_client = @saved_cs_client */;

--
-- Dumping data for table `audit_data`
--

LOCK TABLES `audit_data` WRITE;
/*!40000 ALTER TABLE `audit_data` DISABLE KEYS */;
INSERT INTO `audit_data` VALUES (1,1,'audit/request','xX{oH>nl^!dsZG6Lf5@fb8f~H<=@WWWWI!\nC3j*]\"C2~{.Y2jEMa]Ɔ\"I@o\Zc᜞ar`keF\reqcU\Z%M:ZIpf>ū[\rIxw\'˗0N6[ag{̲q)Twhx.{,pxe\rєƅ\"xh򘟪q4)\n\'rI\"\rj!Θv\npx[r:GG2NqK(?n_R׫oWR<^#2dq׏N\"Qo%J*PDR0dQxs!]\r\\L\nn{)R\nQuLR_]5O]I=pR\'_|||]+-8aLĳ=oйùTu|Dm#	ˁ$f;/YXHCkE[\nu%sm`0hXk)\nRZ#HQ5#gڇҙgO]\nOYip?\ZX3S-~g_o3íMx\'ZeYf(8\'vS$)#xe΀fvLoEXysF6}KrK=Ks\ZXX?fkr\0(R-܃V8[֔\"A,s\\d)uP,,1Qirs.8}.nCȯԢqjT;^ix|.7E	=U a\ZNQB(/μuj1/0Jն;BXE9\n@Ȱvt`].JsFJ8@u$ؐA+4ܺ2Y	MŅ	Q^\"L\Z!tI($\\£J&Gv]FT҂g	U*=,rnb9ۻ)<λ&lIxmom2uU|LIq\'|<S;ʃTFչB:NΚR9Na~K5ޱPQ<y``w05Z(SaW\0v(w̿RHA\nEUY?9VA@-ŷ*۫???ӵgK\r]RL\\3pm˟yOuKUAd1}ziq)ȟ={plh{~x!M4-˞7igztwG7\\iuN*4OՔԖ|egz[\nvvIVqEa:fǞ\rƞmM]dLmg]ͺt;v\Z8Npn98yb`(\\wx%8T*d(R6mYJ0\0t8\\4-ER~xpkS\"sPb[7[`˻<1_ W<%*fCՅw(y/xtP)9@*ObuUnr>hWN8-\nh~hl=鼎#ӫX {=r|\0X)HQAC~A}cJӮElvwpGpW7)6XPBa{H^L}-w\0ź;Ty Uo2{IhJT\Zԥ\\F CPOgvM_MVo ,/f:o;Gw:/`$lapy?P3٩;;wcteB`dϺC#G-VP5efĬEa}!a;m<.)}q005;w`ɤ\'_^{b[쫾YIV{G<gL?g9cl(+!','2020-11-03 17:44:56'),(2,1,'audit/db','x]T?z,D!N@!$D\0I@P@.ŵwqkǊ`]A\"+7q\r琙ɼ+˽y#܉J.5J0T\Z[0(\">\\5\n`9x^|+D+\\H1pA\\(L(s1\"N	[ @Eplm\rjD(]Ck&T5&GQaLˇQb Kue)aUtD:X*PnrX\\D  T	C$_Aʄ$TTSp5D.\'frUƖ֓\'K(-	X/[Й8Y	85u&0Dw&~gr8t)\r\nyy|]=N!,{>+D%WB\\%edE84H-ɵurvu99\nܝQaH@E7?Y/{}h!E)dBJu+]D!ߌrl$SP].TL_y~^.!, |ߖ`\"\\,OZ=?RXm*sutFafu\ZϬ-Y7	IwڰBjJ\\\0\rR]ɆeZL?,Kk0!WQ4g`g0pG9vЯ3@O\Z F\'׏E\rWC[B\"*VE-+$VI*1}*?QART	d*\"J}_ *Rb\Zmgҹ)p	M;t}k/H\Z,SYA`R^|? -EA(%IU#aF96²(1)Ujډ:-\rGƑq8PaO#}IQB@ӝyr>>e+֪~`Jp0F\ZA;A6\nsm\0=q_{B =F {lNr\ntjNYJª5qV1e`d 0\"X\Z@ְdJ!i]۵ΔM\0A.RX0>#<h1Hxu<\"J*%\r{fZ\'\riCSl[	+\n90A,A\00h/	4~<nȣ@\'HuP\ZA,((+Q3\n Z@U3\nBpA	UV/x}TAx>j}`nq?Uakq@#P*{Un(([,:APxZ\nNW0 4K\rI(1zF F5(f\r\\cO-4w)GAD3<{<L{ 34yeg!3k4(0bXWjz@;v\rljgԆft((\r66p\0hnZq6h_N+PPAЊV\0t+VVp`HpHWߋtըY-kC\\560BFB:5V!$4j$FS@!H!TFԋ-Yj\r4;TF\"1H\\%Q(<m$PiY\Z%A#HGh ܃&$anrQ>Q\0vI\0pP→ʀ;oi;\n(C|A*`c\Z**<T{(\08M?2dA^.\07܀j<l&ZEwG(C_`E~^??o !\"YN`63f2\0\0Bm[\Z|f)\\ʯe%i}g~fS~1fHZ+I7Ӓm\0fH$\rSH余:\"ZǻiG30q<7g<ۉfOK2xfb<#{ \rgѦvU@&Z^:B9ݿTOj@$UέX}D,\Z؈}S ⭜sltZ@jIAΧ1~M)VԀmi1c$#3`f`F{slfz*7ޑq;תSPəhTʦ\r8Ce3nhӏ3PR6E&Us\r՞\"Ko[ϴ2V$ŪCrQ2FK\"9(cCǓ\"uW#T2uvZoN\rZpdP-%6V]ABʩqXBG>:Z*.$>{*Hȏ&d9;O[PEFiɵh|qK?]~C[շ]|મ!%9R!	xz豄dFl=x}Ҷ%eS^t5PƵ\0AH{ks5JZ`0A@ر{;vrfTnAVCt_/%ZcG.ëN=7^]ӀUlQ*3?=ч0-MaOx~OEiAQڝv;\"˕0MlW;hxݓ,9΃@J	E[/Gge=ٽNiM~ЮW#]VnmOW&:pŇ̚\'9:mw	#\'ػl{\'V3l+7{|ŀU_$9R _`^:VYK7BpqdQq~5y%CZZTDc~]ynF-oIXVU}R;W;;hPUǼv[_8s b`y_\nFb	`WYc\"Gc<v鯖^ڌ<jSE٘?IL6	m:.x7WcY|y\"r	u_:1!738G|KW6ƮhKu^h媩O	V\"yqvwgr__R\"8Cױّ+#Ǚ6\ZG\\zݟ5!\\5;Bd4ؿ+.:q\'/9^Sz<!h|\'jN~\r$Ϙvۥ7B_.sޝq|`x(a|\"x/G.<G(w\\\nO;L\0> CbE˶io.[,*7\0]Jv[6I㳸c;yIL9c	=	ۈwEy~<{/vk]T?]2Q{lyXMI[qWn\\5(d!H7.sٗFo*rTkxe)mJ7/T=qyꀼk%#	,,˫g΁ťKu|ַPjaw]+2Ss~3j	a!KQW1ۋ82ߢ0+YlhReǓv[/ͫODG]Dݙd+:?:mcFIw>R/W&*zVa5މ?{;F23pNg|~y騘e&\'M:º\0mm?}._RB=*uS)3qOHM`וԫkH齞4ecվo\"Le2wN;ÍR[PfȊLбBnTݑ>)ǭ`Y]%S;6)03ϜHh<)|ʊ_C\0.)/BW	f#wu X8tBX3n,?U%]sFa3\"+AꤚGO]Ų..Ggʟ^êi2AҦR۫(nǟx=\n-~$..Tv޿hYKq̝S\rn ClIK&)`՛78+ڔ<flÑGcTfp,!̒XlLO[V4\\;6q}K_\"GCɪ[u8:$gް.ecV!=옹KeNXb|\\7_X,63\'$LUuq)t\\l61J24|vC.L58R8hI郅S爏M<,aj.s=x^ܫp!3[>ug1h\nّ󃯫n-9<f%˧nO	iöܵ`Pʔ=/UGnIgLx|Hǅq67jASnYSjfHCqˋ{5}>fhj9ܠkJv3\Z\'\r;tL=irյ:UGwGt[ۛJ[ir=|R0{qMҧLzlN*@E:M;׹OeXxթ&/R$ޏ{rgĎ(U23]nzb:\\w]l=En]/	\'g( Lw+\n~=˂Ǘ͈&sFmcoڛO\03jΝՄ\0k~gwͅf^mWs@2mAƦn){6cԸ}5 f&NsRRoڞ\\<7WPϢRWgEBmK~6Mȃ;N\\!cmURs#gΎg;7}B=}\'́.Vj[fQp.p6\"ʔg:gI;o9c76{/ksdMa\\A͑zH{D\0ϮO:}e,`Y2YQY?׋P\0_^z1*[r\Z>Yxkxkxkxkxk֢b`6Yʝ5v+ј{;9WPjbCl\0+\0A MyY2REq2a|\rC8amGv6`K+8̮{JWmV1@_O_JB$zux\0O/f*06ߊ\'6L?3y','2020-11-03 17:44:56'),(3,1,'audit/log','x\\TY>z,Di3IEH\':dH\n P@TtݥbWWE֎,X@WZXdEײbg&t?d{}	2g(tU*V 1%Le\Zs&z\\=<HloO/ۓEbq|c[1aA 8N,FDa[.\nd\"&3Z*d[0Q`՚LSa2QYa33%1\"La\ZlbPH	CEh8\\f^l\n\r\"*1%b -!TLes+0	FR+FI((D	ZAd2*VSE1mL\nNL\0d6WI]R0xG2,H65$If\\Da0@wTK)Z֮\\\Z\0Uʥ0W.ri4:Ù#j5ܼ</3*@,Sp%-[1ުD-i)vvqY-(Щ	QOHޒ7\Z˦R+kss\\7YhNC{B7ݼ:ȃ?&ۋٌԮW6vBڟy5`&8$/ѰXC)sIsp]aOtdiQǕ5ݡ*;n׎$`]/Pf\Zq44HVf[ɎdњoKkNcD&T\0qh2@:7/uw\réBVaVK⫕\'(S0M+PLJO\"sPߜwL6\n4\\;݆TajI\0ْd\n kA7\0Ǜ.M!\0@\n 0aIwHh]4bk_\nAm_rGKEDfg\\sZ\Z5\\)AvpY1`acP?T(W:f09ڳMM\\n$!4P36jjAO(h\0DA-MJkIAn.Ǭn\\>71ڙ\nDRL|Z\"4R\Z\0 \0 6F \rqq|P	rU61Z<77WFNFmU7NgP`fZMi5/\r-bI#&`v@BA2\0j<% Fǁ/eVX*0l`	D.u,Bg}8\0b4*gA]auWXUո/&wS!2w/4:H%xS+j\">}@tp6*iAƓFS*(\rbyz!dIk\rYr̈́Rl-P	s*i4(LxeD4zCmuE^Y\Z\"KR\ra?*\"\'tWnp$C@P/7NeLC(nZ\"}ɑN\0 ܓqqS2IbI\0q؝)PodڞBѻtШt\")@&Pǹ(WGc22>GU<s!7Omϙg4\0fm6\0]YWjpKl5餏\\]>>\0dP@n;3\'4iNOLs;\rƅ4<ɂo%\"faErGbEEIBBcJN2n\Z8Em=Bߞ`2%(0> Խ]}tP;Vڨh˽f/ǡ̂4J{fAPmf2\Z?\nݝ7Is@T44\ZB׭cAʇM5h  6E	dbq}SϖtZ]ǻwi Mt>_i2$DnR®}:0屻<\'6xVA\"F1M\rG7j6UMVMUȥJYSB!RæBb	J*)Q9=@Kظ5H$hKV -?MfLQ,GQ9JوcΖ\nF۲^z~CB\Z#6h]~R~o36oF_\"y? MutcUd^\0t4P൞\0Njt50Hx\'xzoWN*2LwJ$d-]Vu|1ik-KYlFYKܙዘ>LNso[eiAҒ{ÙQ}6=e;nZ|X冘Kz[ϱGx2^~蠟nYɁxIb:elg{623-w;U(p2Hu!z[2*cS9Aر|KRD1}8\"Y6r|w^tuG{*F*N@SDW\"\0rCH6NQ[7|w/dӗ{\"6}WngYEkyG\'-F)AC%!6zxd1K:ؼ|<;AzP2q	\0Ud	ݟUn2Ȱq{UV/M<vsuM;%d)ͱ,fA9\rnLѸ[uqE,-%9n^<{VnBf\'fbXvy638<ޓIxce,ܠ/̍_j~\Zd?ן-۞!4?\0SN[{b˝\ro!+/Mmx$=vޜ+߮ULɰOq{xPg!\'BrJ#%rvfߑ$pW k\\wVFbe| E\nLv}k=&蝺0mm^aż?O\\{Ua̚~(_z|<pؠz8bw1EGd3SޓĤ\'Վ/G\0	r?{o!+:~@EMVV\nnŊ\'U<ax\"b%ޛeu,%Hrb+Ea^{JX@/|ZA^x)+^Y7GY6m5wxT&[Kqghg/n,N8Qznabltw.Ϯڜ!/%=\\˓]zrNAЖC~q<?p>[3_jRj	3o.(38=v[Q(^K2#70=%ޒ«U)ה3=ޫi}g*DL3Cvu8ˌUWXmڑù&^|X=!!&jNpq/Y=Т7vZyJC6L1(SL;RSR5UvZ[b:~ٖbȺx˂XG:? gt]ΚI\rGo )oߨ<\rRf?y~NɫG3\\OΕ<x`{^Hy+=j쬽wX˙tǢdVY?\"H̬z5>3wISoНb$߼>z,&n^9C]eD ]$GU>h0Kl+-]]6\Zܠ>TyRU/cA\'cɺ,7-ITyO;f\'\r~purz!JvҽT\\sEBmVQ\\bl#K].OY9Xj8{،cjk	,$-^ѐҙa\"I\rъY3=ZgWN-lPΈ>4ye+oٶq҇D\Z,JuQR_Uz`^u>:ûp\"<-Es=\\uZm^\nX@ʣIވlΥT;cU>:ܠr!@Se|)9ZX-U*:VI˶%/T+4XEtHMqoͰ4CcgXS]N]Ur)=IվgL\'݋olqeWv#vAJyׅ4ϓw =Ĕ۾]Ro+fHo\n8NZo9/վOcoL=zݕul\0S`~wOҜfir@:gYBSs*Cۧ/jn8_~if{ w[Hoe{m|Yo\'ʰnTO!uU+^,bbn(w	^ν{Q=^eP}`NpZ9}oz<F/(6;mRՃD14VXپgS/X[EW:ts0|fɘC$> sM>C髇6X=R/J\Z|iR#g:Llz/Fk-GQ?`  @(@@b	DĈ*:J2LGÐلBe$ÿtr6Ⱥ\\0EU Hi\'G+PF@TDǡZD``r_apTA+kDjCD\nC0oMFW1k-aM4lDԈ6Fs	^FH\r7PG#Sjzj3$iY_\ZQ.k*TX_`-n2Q{<獚\0zh0KPVW蘮}X\\6o8sI|Z>t A\0%/ErEO*ۑL6v`\'V\ZLnzRSheE3~6b@\"owg߯\'ivRhQgDArӖp9Y4*񦄄|j','2020-11-03 17:44:56'),(4,1,'audit/profiling','x]T?`AG1X\r@\" ,E eae.(ƊvcB1^b{	X@#=D4]\"\"7{;oD<7VxrJT%YKy00WF*,%<B0(\"A0}gnSEQ^ă1X);\0}\n,b)Tquሕ\n%H\nGjC8R(D*Dr9b\0g\nT g$H.Z+2-!8΅{\"LK&&ѻ(b(6v`(U#)	,R+lEfZ%FZT\"*(Rt:Ü(M(RF	є\\|K$j\\MIՊ,l-SR<	qM]kv	\0r$\0vڥl!q}|@?NV~!Ш\"+XC\\xq޺S&a_2qDL1|L&/ILnMert7o7~W/\"Fa:{	}}\"8NM\njJ$UhGԾZW\nW\\A.n5QQ(Si~\Z׬+6QJ\\JmqA·G|5ӷ{ªe8{`je~\Z+9#㠭9K@/cξ(LHk:\\lPSu߬jO|2w:p$\"EjZ]:꫷	\'e\r2|,5!|?3p3X`9ボ@?\0KZ?jZqHU)5r\"ՔJ(0XS4ZlUEF(4Jyi(I5gwce=PEEIaP*K-m8 \0;/A%@-0n;PDJLoQvt=(zXP2mmZ@5B3}}H*I(ʏrUKU0]que$SUD@`.b\r:6ax\Z0eٞzmQ䲶g=m\ZXøվ2-S$Y0Fѻ8;F:X$rЏ?p2\0\\oPfֻѨr޵GP`\rw}\\Cv\0w} I%qF0TL\0#ꕝD4*LFj7pptfMuL8zWexQ8O8E	MAV 6\0Mt UCi0vbJ\0 $πr0NDMTADݳ>Z5}`z8Ia@:\"PS\Zg\r]n$Ҩ,M0HRw\ZAg0`Z\Zd\rKY;`_c@CZPl .sP9Řˇ&`Q,.GAD,ϳ<;<@ ,ͳ4yŴ#	5\Z8Qd1},ւU5aBր\\P`\Z\ZA@C5dp}P;_5KIZk*PHDD|ho\nVZEYVtALWX顯Oq\rhGFIUrJ\"iٮhax}+PKb aH]#Vw|FR{f;h66DJAa1OPT/$Ñ|˚ٳsJ}9%1>a@?OJ\Z{)<H]|#	 @JCީ~cQDY*`3R\0bPAi\0;ȒKMG>]\0\0TwLJɨq	d4ԡ0\\\";OC	ҎhCܠ F0,Y70\0nF\0v*\"K\Zfa%/1~8%iY6H\raf\0Yn$I\0W8R! ygd:\0IY#}8,3DsaY<xn4/Hfj3P VD+ZK\'V`C~@t;B5TpnB{a#@zȿG0Gzal,!4ltQ))V>3BЬ307c!^Ff̂#;c;o|oɸkW5QޑhYXf\r8K,enMhRR6~Hάo`imd2יVǋtm)TJ9(u2mX|F6єXgh\\{;ctm8`u`*Q$QrpkVi\"t?H%JqIZe\nI@[1.vg;\nbV7緻ezC٣ebų\'!1{|`\ZxʰIz|]I2ڪ%͋KW;*ƿ\'51@9WyÖ\0$l2M\'ϕiʃaߌwtm\r2u%a+\ny<b~0]weySNM?!rN{T\0^j8y~vϫnQg#ŶSly&e]lO2N3Z+XأA;}esm\\e?dT\n7]ͱ~s4;+fE.\"*u[^bm7^7ub`:4م\'?1oȴsZ}7i1Ξ7Ny/`)/o)9}l7{HqUq%$@k$R㍎,ﱽ玊]yԣ>$ަl_\n	)C$W{S7̰(#Uc{tdNx?cyYq6\\3o?n߉?d\ZF\'\'UҸg jnG=k6䢊~neGd$-14=l;x<yCVѥ%M3gniUSGȪLE*2\\Nzoh1~qƞvC˖O6M:OhMdpRpgӵ$y\r,~zq}qȲE;QqйrfO:m%Zv|ůGG5)?4g١~S&^zэW߽{;d烹GCIZ_Kg*gmCS{M&$cˈ7l넪7x\0^kϹ7ONM̥tIicΛxo5J`lNg?sZiq&P:aş<>/-ci}\"摀yxkӰ\"^L=MSv66@UWGM}|qc&|7xti-ݝm{=Ըdမ^UzZ,~\ZqY||rƯҝGV,$-[g_*nkW|\Z]\'8UE:?Yى3Iۓ|2nNyrEW&><\'-k|乗ǪX3vUnɓwU65`yҢq:\Zl<ü9z(i%?E,n xneӽxnLzƭ;.W_Q_BJv9`*{ci)}i^fzԗ$I[dx_O,vd_i@)]]cN`}#`FO4{y/~s[Ni/\"gI	Vkc*wtj-Ђ\"9!jWtid&lNM%ׯ4>==b@Vً{ɿٝ.wƭOS).*iцAWsղ6qUwu=-m{^k>Uqp32<ޛ^cߔ~gM$pX~\0C_>gkq`fo A{+M\'2۵r>$q|Fgś^ܒ;k#vn8vi5}mnkXؗ`	Q9HI=8fi*CuٜpYʨsf0o~y	Vчg&=asjل#c\0#;?[һOڜt-MpO	]ˌ嶽=hkN7GMXea:O~ m)ٮC7]nk4<ٰ^2I^ <i	&FWt0k-qsiע;]i(uQǏT|5Abla@!f#5ڴCZw.ז,23I˷蔩:}cJ3FHj7R\r͘>.Q	yq};oH-BF;{mW=vToZ4*/T%Oxr+?`y\ZDq{	8cE^y׌zns(b?^N/&͹E>ǧm\'-[M(=Ǘ_m>qC֔V?Op{oZv{o/$v@ַwV/bby%&}y%#:Ι9!!mYf~u+})Stt[stg}W=ߜ4p+G(}~\'#V^-</hÞ^!yyg[VL.sk&\"ӊr2Kg:;ػ<]eֲ=ǿ΅/Tl^ap%r!괧\'N9qvʺ]_K캿Щ٭UUfQ3l86CMRG$p̚Sn_.\"TvagvO @4]CxoƧ~>_\'KPhhhhh\ZT\0`c/<XlCkectK\\nAt@ˍp\0@pQ\0\\IqrQbL@Ūc;\\ƪU[MU67qs\r3RH&M~Oƾb\ZO\\\0x>3\ZHߊ\'fII?s	','2020-11-03 17:44:56'),(5,2,'audit/request','xWs8~?%\073<Ӧ3aScivJ${Zv$wY]S\ZYZfɴD:$ubu5\ZK.Fo3?!ZےQѪ\\>w\nZRfB%inKnuZ\Z\'Qz4/sǫT^})݌BJOX\Z9MAX5hNʐIm%G$+|%ٺ0a]}\\BQsZ}ͭB,\"qEoI~!\0,3eʏ\0]Lw~Zg\"m¢+˴(\\u}׼$BeB2N:ዮ?9MKU6*K~xq7&[reJI>a\r{،qQ4݌+Ŋދ.EQ\'nJܑ1e\rqX.DzBqlq+\\`*I.ZJ-CC	$E;uC\Z!)ѫV*Nb)yPDqB}FadSW,+_VZ6|`Y]Sm68;he*s{XwO\nq|\\TN#`\\+h{@\0L).\"DK$=zW&A	c=s\nfN\"\rI,N1J/f\0@Ѓ~䓡-ٰ)HsD)lz!>ǱTi1*XΑc\';7ZeܾNvQΖ\ZTۭiiOC89vptķ<LqYx̺vtRs=. ¿fm]	f\Z7T,Bdc7пqn?xo}ϾN)h\'x\'-f~a\nЯeS(E12rI7;#0G]lU(~/8I(MAH\"e_mhUl,ZNaM=\rwYFjYKs~IJ\n vL*_	2\'PtEN[Mc>2)?tO;0}YL֣WqWA4SCF!4;njָb\'9Oցa{h?8<cPpxU,Ə|?D.:~##]_C;t$l2vz5§iMRu\0\rG~CSH.g!\rZ\rR!l6Лط!.+{iuiܫ?;{*CTF b9tã\n!dx^ɳf|S!{@|','2020-11-03 17:48:05'),(6,2,'audit/db','xX[oF~WX~!T	ΠTrXgCKpJHxbc-)&mnF al9}ʱ1k$F$M=If_Nd\r΍ABop=o/ 8KWAbD2&ݤD}>-]rI#ETP\0(mt\nhX@cr\ngAHD\"#OqH9VJϚy0	$[<[^$1_Ld#|{ w4%!qL6L3[sj/~;OOR9lH@1:lks.÷̶,);S/;Sc&[Mk\rFӁykiFqgG=qؑQ\\!95Z#ot(JbӌdI^+r#g	04n3ӭj?ϭbt\\s;	NS9X׮92{Ẃfg99xf+FeӽnJfE8*Tڇ^\n>f)9k\0ETIնFRA}J#\n\nGx0N=3N=ٞ9C[3)F>g@Pn\ZPcc\rG;L\"cu+i`Ώ/R¼fӈdIQ3\r?ᬾHI+L~gPԔ@4!؍lgN@Zo\r!%(WՐ$.\nFO´ŽU`\0?Gd?!-wƏ٘O7x\r6`lR\0M@͑~@ɺRiCJ妳(yܶe妪*Nv*t	1yhXi*ו+F~ϕu0I|Pq2^.ǌp1ԺbЪ$-46ċ`>Rӌir^i$&eR(ecŝ=d4	CBָhͭ*@\'.UmjE8NbeWI׍\ZPuħ$~]\nOO\0Qt','2020-11-03 17:48:05'),(7,2,'audit/log','xXnFS@wAΆ@ʥT0YۤG3/*?)f9wsE`4Ȝ&Ee\rWrV3ewdmpBLMEUWslK^S妍EMPIt&\"aiTO[\"hTT\\ժ~O]3jӿܭTߪ|U[-V!\\tK9$i۵kss\Z̡kA$!AI42.fQpz^lns3$Y斻$K|[QsY;u-7g/ <[=k3,)vZ9h>\\Y+iƝeh\0옭aZOkV;vw8\Z4ON\'\'xI;륛#7/;m\'CcfԵ=	/>Ϣc/	$n6:\'>kZ9{a40>$$8MF3߯-chtz,w\Z/hP7\ZeT%RYGB>h]F.t89G+qg&zr%6\'3%Odt6P)hKr֏UQ~$Kef[z;0ChjtPld+$)81\'K\Z.h)	=ߌriϼ͙[:rĆTP\0/nz!,K 	UQ\n2kj->PT4򱐪ҳđ5r=/>iƖ(iZol|~Oj>BU\0S1G`ht;TPrmSL5EM&S\\.rؒ(c1ⵅ\\/DPsj#֞纜<8&~0j:\\1QѢrUӒ㎤\")!Yd(Kt,;^Fꧯ\"gMBqpBK+B1ByAE};_cP~ob*t\'Fpb3J|=\\Le|Szf>wk*<=\\漑:/3= jq$U?3y(2z	Tf{B_0[/Bb!PcQ\\x\'?`:(şqF@]D~;ND$K6rz徏s)\nFqItOs	})y,yƲs~ddSk^;4f-YY\\Jg@9\0,s(Y~pXIֵ]fz&}JmT2y]H-vx-+x4#M;vbX׍5P\n]E]\n-SˢABtG,&הom<\\4\\P̏?1PΤĬӤQs$ìllrM6昦i:tv=','2020-11-03 17:48:05'),(8,2,'audit/profiling','xXmOFίXKdwd9*E{	%g;vBLp*AX3<¬]*oU(IR\'2\"NF*AĤOamɐkc,s]2w2R鷀bRr	dY3p~$ILA̾6ә7ӎ?݈t\n3e*-`OݍpfPQ0Qu҄+DR\"\\>!/	Z|޺c)_,nqC]AReUs~;JN f(j\".}f,Ӑ-\\[B7\n	ƕ|9/a*,uJ%Y5]Oߎ]䗱xOH`W+/Ob끮]mp1S8Ov\n(rc/*m2\"C Mn>LMF̶(Ԫdj\Zn=;<\0-ӵp`\\qm:ÛBnQ\"EHs`dhʙݰ\'p[&+ǫ$\\$+xݨ^i{s>ZWg1XcƇXaYk\Z=NC{A*l`ϟP:*T	!QlpKnwy݌L:8]MSШ4ƶZW6`EGQE=c3=ɞ9=\nT36\rrW}xV㙚&-pK\'/\\|_q|6)9#68l,I+LfA8.4_=?= teUt\nIK*+8ڠ겾]A%ڿj,ؚ\0sv33_x5\\\r\n2~,~mc~\rqal\\\Z\Zot\Z5և2GJ+yVFAx_nrMèѣ<OW\Z]\\y4LW4H_翗\nzL>iJE,pT31LN-n\0LJW!UjA`\'Frb4!֦ʸDv~$YFe[><6pL[AJ$y\Z\"o/}UH4m$~YEt<','2020-11-03 17:48:05'),(9,2,'audit/request','xWs8~?%\073<Ӧ3aScivJ${Zv$wY]S\ZYZfɴD:$ubu5\ZK.Fo3?!ZےQѪ\\>w\nZRfB%inKnuZ\Z\'Qz4/sǫT^})݌BJOX\Z9MAX5hNʐIm%G$+|%ٺ0a]}\\BQsZ}ͭB,\"qEoI~!\0,3eʏ\0]Lw~Zg\"m¢+˴(\\u}׼$BeB2N:ዮ?9MKU6*K~xq7&[reJI>a\r{،qQ4݌+Ŋދ.EQ\'nJܑ1e\rqX.DzBqlq+\\`*I.ZJ-CC	$E;uC\Z!)ѫV*Nb)yPDqB}FadSW,+_VZ6|`Y]Sm68;he*s{XwO\nq|\\TN#`\\+h{@\0L).\"DK$=zW&A	c=s\nfN\"\rI,N1J/f\0@Ѓ~䓡-ٰ)HsD)lz!>ǱTi1*XΑc\';7ZeܾNvQΖ\ZTۭiiOC89vptķ<LqYx̺vtRs=. ¿fm]	f\Z7T,Bdc7пqn?xo}ϾN)h\'x\'-f~a\nЯeS(E12rI7;#0G]lU(~/8I(MAH\"e_mhUl,ZNaM=\rwYFjYKs~IJ\n vL*_	2\'PtEN[Mc>2)?tO;0}YL֣WqWA4SCF!4;njָb\'9Oցa{h?8<cPpxU,Ə|?D.:~##]_C;t$l2vz5§iMRu\0\rG~CSH.g!\rZ\rR!l6Лط!.+{iuiܫ?;{*CTF b9tã\n!dx^ɳf|S!{@|','2020-11-03 17:48:05'),(10,2,'audit/db','x[y4?]\n);Ì=4DY\Z#L1&eWȾo\ZȚK(ot{=~y=J^B&A^VC 0^Mį@P)y^KnucmmnU!B\nj%Zڠ(+^yXyY!I\')!k˻b#\n6LRJZVJ\"-&H?{FKb0$R2(ggq7	/nIn$Ec\'N68A\rG{9; r0ߡJ)|&bp$(\"^G}Pn#(;@Iy^Q%^ϟ3G0|m\';#Cl)&Eب\0@Z?/p|~N-M)\Z؟Ÿ;;9r?>	AIAeI_W[N_*os>,cyä!~_22$jjF?q>VЮVbV]C#.\\G͊nmvxGġ1V\"<`ghWGF\Z骪]4hnccph%erϻu;2mI@cQ3Ҁk[/V?i\"4tbٯ\rq\0\n7k#.Zq+~w>?,	\rCnz^cnR`_,%5ד^L%Rڮ\"ZϕQ?I7zQ%($$q)L;K!ߐvHtH$o$qYA82\'q))9K\r]C5#nnB%90Xp[>cPD/õ$E~x	D~R$D\"*!!\nrKd!RI&cǼ\ZXN*If\n9(չ#Yd!Iۧ1*zěլm\"]{,}2\nf6v5f>ZJ-4WM눺T\">]~JP_^l#\0h3rJl\0N+纋HfEL<>>޽<?1ӨvJ`hhsf4 \'tURqCɺfX4O\\uM$n	ʀ?$g\ZҳFh\\DE-:ixG(3fk#@,Y{~ؘ{\\\\ y\\xK\n<Y1*\0@kp]TiT>FJT?sDHC\0\'t%/awVqQ!\'0\ZJbuK>l44V5}Xl>=Ԥ<\"Č\'.GMщ]hA΢0,URs]Tv*mjs,_Va˿#{:[Co{~.*%8Q6&\"CC9iշjiY\Z:J*cfe2n\nNpE5\08[\0=]Va	@Rr=\0C-(zS$U\\J^ΗEFLIYrrx-U(?V1pmu,ј,ЕԜt|VEޔD\\pr&uءd7gKQM=BoMC#aـ!IAfstZ:[up;6_}7zWXyb{tp\n*-̙;3Κ\0\'ͬgV	Kĸ7m^w(GCx)ە,i>Z.[l$b)~蒽\'Wvw|Ӡ)h+ߺ~Q[c\'#PI\0n8cDdv1Rc#dӐڅ^!\ZE:KUllè&Nh.\"g_g6UￚT1cLKC3\'&฻bÄ,i%Վnvs,m,{$*X?OYZͤLD(@Z<̴_P6\Zh_1y=ܜLl?3TUKTX]:Tm٩yC!A!ʲ	\'^=%?|8Z-VO)|b)i:ݻ{RU8TI>Vzn7訹{:\0ߨPRk{jxi٪\"#`|\'APlɺM`eθmsĎ)+|$jTи4mSI%G|p<63c+W(mNWϮZjsy[\"?lX65wTg311N3کj9k^r>\ZTPfcO<،{΍r[(LϧΧQQ6ޒ<),G7v\'7UW\"Ý+(Ywd3L(hʊ[3^97xx(^#jF]z\0\"H8{L)\rvK2;sCvV\r.!MX_֬ky~ףȿHKWm~μ	>	˻)6o2>}|:{$(m<my7*#	∁\\å_gw;\\+&d={<Y%\"`(`8^(\\9[g^Ѥ^nPMQ|V]?űqב\0UK#WN9״MܯrF>0tmdsֵ[3nu_U)ܵޤ&zW@`Sf5,+1].rӤ7oxin]ռ\\m9N[\\mS4OKq]u\ny{cvSM.(wy@Բ4??{zk(w8nb{DWqj\0JzI!:9MP] khN!KW/~xѮ!1~-u	6G5\ZV\0?q\\skj\'zwkb3xj_9ص.2{JzD`_>9\Z\\j^)ۯMSB4W\rfƋ6/Yەx>2.\n1SMB;KOXEs:\0NyHa5XȌ>*͙\r#U\\13YyB13nBFL#MA[\r!XuVȞxף[-J^<*$Y\"{:7.i0閐z]\\HPlA|ݧ+X2:H5YqF?Tm2U(4y~\Z8^UnԵi419@Z6ݘl>/|[mA \0$Tqp[5]đf0,O\'Kw<3fJ+5{~hyRFxEШ2Z\"k<EUYzI5}ڤ>b?!r1fx=,ƱYewL;D\'@mxďaS[6+(gt5gi\0o^lԍhj5FF\0Dy!,ޭ/B7)$5\n el.z\0b\\kw:	_h\0ޙN~\rH~L&P-6u\'zE?ڹczό*6oJ+s\'{df\nl2Mvu˃Ƌ#o;i4	~z06-9@=]J(Di܍D\\\\%ef\'QP#8tIm(7WCmo9O*tr<dAΉn|ĽAJא[OWNm|فAduՓ^AǊEE:7dxQxޣ10hdoqX]5!)w1#ڦK݋n0H~@Dޚ\rQ:[O^n\rP~WZ\\:C>:Ly@Α\nmU1{\rү\ZlR_Z\0)Vg?I6W0m,g\ZUSW3u\\>I`@i\"@q7nhEq\Z\0$5.&EQ(ѱW2?+<%RI9[^|z:E)G\'@I>ME8\nrUػ:uOSe/x@}K$9.ZMP8?(%\r?{W.Pщr%r1;|J;\0_;Izzv(e&iL/Uy\06$R&}ϝ2c]\ntE1϶eGȒ\Z+2peJ=?e!]YUI-w9ᬲ5vGXE\"J\n|KBQ%՘u;jU\0@;Ùq˰F3MNOJׯm\nETd878\0l]fyqbpwUي:C&Q4L7iFv9moXQ@UGyФstQNSJhMeqQ:otK7|dZdҡnG74DХ\0NKAXY&ȱhHCڨAd\r{!Wk=W`̖^41\0\"g\"e0fؼu\"-6ĩ1TI4gaF\'4g/1;IzX$\Z0F(zj{tLlBi)W߽0>=UUH\n^>*G_^|9~|8fXc&s\0\0ЋQ&c+`x4ٝRПOxYh^ل,<1bmԝ8.NX,eSGĔbӯZi~6ח+rlâSԂnҮ|=c0iME{yfFnZW9\\`!n\\*o@ZiIKxPWEhޒ@19r󾖗!Hz)yM2wʀcV2<_Mgً/~<6t2[aA-\Zmx>\ZyҖx>D1=,y-Q\n qXʭ5B7M\"8խ-bL1K!^S۶Yj{S[l9U{\0>ƘRy	pmPB;\"+g,>!-NNǗq#.ݭ2-^/+/D[,\rrXl::K\Z\"\\\0JJQݷZˤ;.S\ZY\"b *@>%*+_D+}q`ntg*qٸcsL\0/CD35Kt/_m6:;ǌĴ\\O?~?tcf2/A>a+m؛zJH].;o}S4ۛ,4GLwQz\rmr]:ՍCgLBEV{R䅌NNp<qvf֔ս~zc~4dJUvnkYl\"d-\rzj=1ũrsHf#iҫ3~\')?84,|]5pƻƲu5D-i/1O֓Oqܗu)xp9Ȋm$&X*&*i*S~IM$<5&KiLК\\^~P֐2c?j̖Hg~\0scvb`/3_:/^||:8,N\0H\'e\"@FK=\Z+yqZSx&}{3OLlϨ-q:r2Xפ6!M?,,HS\0x]i]Jkp7K{%CjǶE\n_:A%ִu\'Eq{\0R29bل*#ܪft̿WX{xbښ;+>\\`q\Zl7{P1_R:G.c7qbbSt8%cj6#\Zqr{HϹd~??+wڕ6!k2,_$KHKKCġ,q(Kġ,q(Kġ,q(Kġ,q(Kġ,q(K,&O,*ġ,_*KHHIl','2020-11-03 17:48:05'),(11,2,'audit/log','xYP۶TPD*6RB(HJG#{ t&\nҋtE9sy3o޼773W{,+yq{xyYyG4oe(XCa!__P)yc.5#--.U>BC\"XY(`ŉ$ Ix`0\Z:9:Zam]\\8B4DRRBJZVJ\"-\0t<4Q<\ZkF۠bbD-\"?q(1G\'^v2\0p\'0Xr\n?LuŢ\'ɼ8eţq:yPVxi77\0%yDx<Ogr=ZNvV8;4\'d~FUB;l(mNtn/_FFHݝ}	O_dGAe Ps22Dp-/\\ğm*BPchӆ[r,QNX<g,VhK8vpuRׇ¯ZTm84 XY;O*G\Zx=wq0-ߍ6M\r_jM\0v7\'0:?0ܯ0C%E?CS߈P79IN0#7*\"Nb\rTõa?Efu9~cD\\EdjmGjί\n~)?w~O|3Y\nO\nO\n_LRRs¥*u\\XB˱7\'X\nsY>yph+20-#o1!C7;GH@DE P.qyIYyɰ{r#&N),\07W)|u(bPcǼq<QM[٘t^<yٝ!\0a0ζB<ogWkWuZ^daPs*VqW>FK̏z\0FfEUi	ja]\0	7J%$;_$e֯,HkSшA\02\\B6Dj\'~t>Eg2űkB3/M@:S<Psgm!={TKt<zI݋@?A\'ѫ]\0bts\nKbXTUw|?\0=akc\reAxU*;х:3t~rښF;1k^L%c.]2̢Ckpϡ5ԕ6J\0ýa.%czaqB!BEYz<sDl/w\"jxD\\2#\Zj\\ȷMN}t2Iae](\0XAuQ&*uZ>	c\"o^:\\aj@rT\r܈yl#{@qţ]?O7jV6QB7֐!ҹ5(C:,MO\Z8J*أfg\n[q;4\0X\0ӹP^e@rJ(-+\0C% vn%״/\\L]\ZUnlq%\nRX$5E*  N1Ͼgmkt=P-&Ҙ+4,>%^s1\"Lɯ~$]lsh;E)2CzLdtKxQc;UTxkJoQ@hbѩI~V8W/> UƜ5*Cz˹t&=/칬eԽ.Э1&޿LCk׻qmkGξ\r2%*6(fH0l&(UWzjJ~%yhZ4pqQ\\g2\n)l +I3ڽdC3aO9тq>swI]Ld\n3֣	6ڊTk\0Ezpt.O`V%)x/uvZ\\8%3iW$\Zɫk	H۠甩	󣙝;>O|ZSH]Za%\rT՞sK&)laOo\ZN\0|rQ{ʲ{Q3do^ctt7,OLeTU^/[*ޟeuYxwW5g\0S\n [m\0wx\\Շ}eMߓvSEI6W	p,AON1Q06$t}eNT(5u3=QPpaaڔZuAIe!s4.Lo$묰M<Xql3W	Xm	X71sUcZ266K7ęةj:fh\\w>\\TbbM\n؊}e/U&|;WWz;miV)CxN\rj8wU6\"(#+șe35ȨKNY_t4tlg9NvB)xan;\0\n*Gt̧À DٮKhuf74\Z;l?(hQSŘ]6kyWtͅq]\Z<+{K4tԬ^qJ_.qognE_>Q0S0cCm^*4~~t\01\ZԆ|=n}*Nhèb֦8526Y\0nef|8\Z֑{CaI\r_9mn\n.QCvG${&[Eֻ#\0,\nL:rK&cr_揭>^kasSkBӜj,jخ>{4~!\0dJ@6\"#\rG>&<yzh]`+oVXڠ{?DGqnJ~Syaʘ.dwEF_1RHhR\nʴuPMh\0fz{Ȳ/rO~kCPi\r=?l=͜Pf)lΜH._jYn8\n$w=)6UG/K\rA:}i)Ft`DkePQ{YC\0aTnVeT@ө~|ȝȅ/.״\0\'=c W({wcT2)4+{M7MTs|A/d,	>?N P/2Oxdگav\n՘\\OA#}r&qӷ^k0\\g::봁|ڇLE$B\Z-&B0aWFp\rnbHx3.ШIjU\Z\"+O4Ϩ\\*rYl쿲>;D\\6ض^/slC \0$Loo3ͤ*i\rޞN2,x/0J׳|C[2YgO][Ŭ	N*	n%M)X,9$^\'S_-);̔ƍ˸7Jut;6*SZځ=ic?|tP([GWXo\Zx$_k2.QEAVL;alq\0\ZP30\n5<>QD\Zf^3L:vL 7\0DM\\^LU5Q\'6,!vF]R\"FtǍ-^sݛx()Ehb|=&7fz	/G$\n,\"2-vb\r\\*o&M#W8#YߑRNyo _%Yj҇DQ5G[dd%$@$7=bS]aY҅qަqǛOu)ʶoK\\EobiJ>=OgPEKbԻ#A߳oc\0_&em^~{]V%^^YUATʞp|0I˵? G`Ë3TVVfdeui{}]EiG߲!H\nk>õ4ҋJϠzʫـN5=u^J>e(9]ƭAwCok/TO E>P)OfOa8\nzv\rc2̤\0?f4^!Jf⠹yVY.\rRaBdG%4T1EIVZii(S\"144d`^[szT\"FǠTaa.1w92)2xPvK\0F?A0UV=\0@.\'օԥ˲ Oի|	th(yk.\"|:e\ZOwv9Ǧk MSZͭjԕggW{S%(圳ʎ~!W*e=+fԛ)]/\'y%\rSsb\rո=HVF;=AQVۗ씟BIO<8\0bCVy1bHW-X{(CgITw\r\'mX,AhU\'uQ:L<(+[/ﴧֹM]1IZE8/&ɦt.M4xpU;璬N@෨?yx=== c<&=>z3fe33g\Zk@)vMI[}6Xe\ZvW\0S1[AKr|8kG,^9G䕘|fW\"^2}~Opk槮λm<*XH.$9p!6^[,zǄ#XTƠ.&̓(JҠf)G8:pOUJ3ei-]\0@7\'@U\\l_V[PS8mgyBS/\\8l1uGĜڙo~6w֫RsmjkcR!7]SX~pX廉5缰 D3i_n-4rb5c,WO\'z>$\0kˊ@X1;rt>򾝟Ɵ2O!7Ou~;	/צה\rE8R]VEcɠf26o۳\0\rA[!^M=q!;s}pFb?o~۬>`Ai{7X:qC,-H`{ܢE뢺fХ_2{)$hrٶwl<[Am	Sgn.ꈋ[/\'n%r 캱Ip4^\rb*s>`raq^vyXbzxշx|Y`:TV`q7b4Ղ%g\\1\r=XH-m0&6\096IB2t[I1M./J}_&`,1}c\0<tY/czh_\'t=,m|.	*=5A5@d.M̽gx:%!	e!)CmOX\0Rq՟TFu4`\0s4hyACN	UzUάO2;Zr4v9/x,OqpmRtiȿ51ȕ.FK[ء\\Ӄ*_:S?n)͆L3Ogܶ{vSSwo=~r)4yL&o~wEf˹e_ckS.l=u.tr8MȊH>\nLJPL\nR?h)WdI\"_L\Z?j	f	mοK_)oJm[0]|Ls+vO\'\0w{Nڳݍ83YK\0pp	YGoK%w+	Pb\0\0@: c>65@!11݅fԨ`}.헹A̗CRZgyv\0<mMHjdԜ	`j+-aJ4BȳFg\r[Z:\"ب#\0iژnmtfY7C:JkI֮υWwܼF:xiMT֔.uJ;k4VyG=6qic4.ֶeJ\0\'7\'}	;\ZJ@3!H&dN\reOKE','2020-11-03 17:48:05'),(12,2,'audit/profiling','x{PHRP@.`PFJ\0I@P\"ґ齉TA@A4H/=;9;27{~~y&VPyiy^GރW+JJCd0y^\"ë`#@eRrP)R0CU\"YTJҘ[HK[ec涴r-lV^%HoY\"I\Z\')!khwqGB\ZIJIJ\0AIa$\":dyŭ08\'5sk\'EG;:`!l#X;TIۺD]ڊW0xwh+{3j<>LC	l)&Q9\0~4\r%7_H=M(\Z_!1ٗyoKT-&98,7LZJ\Zr-#ChB\ZMzY^CZY\"u::pm%7܀#VXg刱+_z;:~SG\".XUb\ZccAv迸?zjlV 1V3TkYЖh uf&7F8ɍYyUµ-;yR,	unz\\cnRL%6~k?\'C7b|￷}@Vp~8Q)?AgY3$.~\'qC?$CN2I$.<G$.%%Grc7&&<_s\ZO4cE| e[@RU!ǐ@\'ݐHBD%$D!Pn	y<D{R1=goBfJuH\'{4ʿ\0$SF=_E}j6r[.߽GWL?S|(A\Z3|m\\]jKSlm+k&uD	\\RSs.J/b//6\04JיY5UV6x\0ݍsEw&Lh^gn|iX|%S0y4}KE#\ZiPLrI*dŎ{,g\'.	O:fkn	ʀ?$g\ZʳFh\\D\"ԽxZ\0D#t5 Z,׽|?l=F-.<c.̎%i\05sif.4H*\nFEr#%@ǟ]~\"!ROR[hU:{CfK;SKEǸYj|·\ru%buKl44V5}Xl;BgjPlDNaMb\0\\u#ߦ.4ܠNgQqqqY2FH].z;O659a/c+\rzAuxj+/iݡަˆʠ\'E`+N5\0H_c!K`霴[4G\re127M\'o\\G-\0O.+ )9Fxy\0{=xC)[gZv.h|]/	Kx#8,E99<*N\\8:w\0wOPHPjLyl>^SqoJX?Q^\"\\@.89:PcR祆؈fշ&ݑlߐTۤ 3΅9:ZSt׭:a[w\\@+<1=:jX8Ts~Lly\\yNˈ{gM[bvfֳSۥ\\bܛ͍_#!g<A{J@wK-6QA˔fmtޏœ+;Q{>iЉ_oױ\rVI\0n8cDBB2f_>vꑌB2iHEsr#Vq\"Fm*[at\\OTgaTdc\'U@}ofCǪ\"g_g6UￚT1cL&K]#\'&฻bÄ,h%uY8YoTLbfR&\" -}cZG(N\re/n?\\nN&wif6=%*Ꭾ\\^rȼ!x!A!ʲ	\'u_=%?|(Z-VO)|b)i:ݻ{BU8TI>Vzn7訹{\0ߨPRk{jpi٪\"\0^|\'APlɺM`eθmsĎ)+|$jXи4mSI%G|p<63c+W(mNWϮZjsy[\"lqX61sTc361N3ěةj:k\\r>\ZTPfcO<،{m#9Q*7-OOz+myf	SXN\ru«OnnD8Q;+V8Qp\'Ffh\Z/QДy\rf0)Isvo43pO%Q\Zs9G]\0\"H8{L)\rvK2;sCvV\r.!MX_֨ky~ףȿHKWmvά	>	Z)6o2>}|:{$(-<-Y7*#	$\\å_gw;\\+&d={<Y%\"` `0^(\\9[gVѤ^jPMQ|V]?űqבz\0UKͣVN9װMܯrF>0tmdsֵ[3nu_U)ܵޤ&zW@`Sf1(+1Y.rӸ7oxin]ռ\\m9N[\\mS4OKq]\Zu d］1l\n)٦?< ,C*9\Z9J\0+vۿQ\Z.oR>vȩ>5{\0eNTS;(]Z/RRK^puHL/v|߲;bK|~s]mQ=?d-O-W(hĚ@.r+nݚL0Zacv-:R?$崴/yΤ=0\Z\'v\nkԂF-gGw|Y9bK|v(EE/l~)zAќ\0]u+|X{>V52c_c&>G~HgLVPΌ\",ĈGSbvCo8V@+\'6h?D=+wK.{W|kž?\nqaNͣDr(L%dzroD)8W?&?za_i\n(,\'F?N nMV\\ѪUۇv\nMbF-W4Ӎ:ַ11Ʒ6\'\ZHӒeΘp-HDD4Nv4&8>u$xtIw@GyL	a2ӏ8]\no^\ZU]K^D`CYrh^$Q-+D;i5+aY6*cZ!-qc?BT`G[Oqoټx?\nCh2+D޼>fl+a7l\ZP=4f<0z|,㖑>\0	r9|خ*$|m!#\0C{g:5x#%K1ud@(ם	[hWp	P>SٸZ)M[>*4QqK4+R\Z/\"6{$\0Iؼ|L;{\0t)HSnZb/ane?\0,3;9:SM:l~UuGȈw5q\nUm>}Q}U<Uɧ!d\rzpNvs/p[&|4ϠRz2rRn;+DOV{`Q-etXmOq*k^clq:@uՍ=JL}Ӊ*Jʉ[r3m۽8{c/4\nAu5[Ezť<Ӭ$ٚQ\0VH_\\!jK׻١Fx/gAY	\Z	PbucisB_p\\A=u5S]-t&Dw6f7^I]cᢻiRE.\\a|%,S齼bsZ\"ŗS\"mqtӫTTө [^ȽS:U\0ǠDqa.1wő)R)\nD`v̗\0,_GFTJLV@IӳC)s5IdfzAf@!W0#~QTTx&x4*8|MN/;DXI+kUj),\0Jja	g\rٷ=*UJ=V[\nEWc^NyBsD:\Zq˻W\06Ng-\\z79?(s\\)Qv1~ܤ\0uš{W]4b+)TF%xH2X5ٍ洽Yb1G1WEaA9M2m6N^`5ͷEmtF҅2./f:iJsx7AB8.ID$ag ǎã\"=rjV˫	^6[61_Y\\Qي~0]6Fz(Ӱ`>/\0 8c^c::9,P%EМ\r>gzӘyD8c(a~h\Z{2\r1\n	n&\\9~ätV<apս/}T!Vl(SrlpjӱRԗML.[h;?S!۳VmG	YXybĲ;cO]8lX?o\Z&)c{&_5l/W&UTE!nҮ|=c0iMEkyfFnRW9\\`.n\\*OiIKxPGEhޒbsj}-/-B8bRzd>Ň>\rdxZ.SU_xju-xEggOeÕF\Z)Z4#$zr	|4 -\\]=+cf{X|Z&/\03J<Aⴱ[kХo,Dp.[-[Ř@#BN3m@.+Bi+rޛ!\0|1\"hbcnɉY	%k120B7?9_\\Zt8LxD9n=[4a,QRk0Z\"v+{pxt+q*bGwj/#躀NmRjPgU(<\0Xp@v^~]M\r.OK|%e1wb×:_jg\'mtv܏-i=87;+<hd\"_\0M|9W۰7Pƻ\\v&h7mwYh0쒭[}46PuT7nßM0	9Z~Iխ2<I;6~R/ġrۙ=AFk[Sf&>uP+1TZe͵\rzs`۪PҖ~o6;=1ũrsHfCiң3~\')?84,|]5pƻƢu5D-i/1O֓Oqܗu)xp8Ȋm$&X(&*i*S~IM$<5\"=KOМ\\^~P֐2c?j̖Hg~\0scvb`/3_6:/^||:8,N\0\0PND}z4tWX/L\'=6g.؞Q[G;$eI	lBXYP-Zx6*3~h1nh(aK5)3ǶE\n_:B%ִt&Eq{\0R21b٘*#ܲf̿WX{xbښ;+>\\`q\Zl7}P1[R:G.c7qbbSt8%cj6)#8x$\\2_e_	;J\\Jk2,_$KHKKCġ,q(Kġ,q(Kġ,q(Kġ,q(Kġ,q(K,&d		YT\',!#-#%I\0ٞY','2020-11-03 17:48:05'),(13,3,'audit/request','xWmoH|?%U_0/1|ƀ1m*UBSumV7\ZHh{p33<A2F1ʷ8{PO*	؋MQz \r1ß8/F8c6j-5\rQc\Z1	P̄sLBj\nLȷ(j(սq¡^kLǫ[NFd|#\',q\\6#;,wՆ]ojQUVb~@Ηbl-jRG kfr	\'	dÓ|!\0`(!Wv\\78}~4nop>U-htaxu\r1!3{5-e4b\'\nPD~IR%BhEKC`!aq<o0V	dGRW\n5ݡD*\'5uKjѤ5Zn$nC׾\0Қd(q($+*Ȼr{\0g<_UGhPjk}K3b)JyK)PuU=p$\'-We_+̺Z\\dKfGɭAY/h/T@fHXUbMezBEY uY\Z4zIgLT^.B2!ªEQ\Zka)N\0)]d0wؒh3wWDboe(\\0;t`@9Kh٣|}!W]ZD?I(Q\0hzd\07F>	ax#喆W\'\"cy\n i4qtc%+9\\{zb˹=֟e~óg[rb^[\rgQemUZ4r>ӡ?:c[ZdiY?\\M9\\S;؜?anej^Ґ=w\n	fگ3DCC71K߽k{oz}O.Q)hx-fQ]\\߭e[)/E>2/rg3/GUle(A/8	I&\"(MFH!7mLfyu<nrNa=M\r7XƓhv>^E(P!@*t72ɀ|@E7oe45\'g/LE/=Ϟ}فƏbBs]\ZMVGj2srS囿<I;yRN\n;8S?)\0%\r`AW9JB|h$.p++brBȏOz{\rM~o~X:70 ۡ#,tB>:I	g\0\Zl{*!h𜟅hHs hL0\\V|gb/cׄ C;Vh5GUQe/ǗQ)\"{@smlڴ;> yܞweOc','2020-11-03 17:48:13'),(14,3,'audit/db','xYmOHh(LߦCؤbplBBG:jҖ#3-(HfDh;/9Og(GB0$%r>Q..@=!NdE:ZR_۹\\:t4r\'c?_ g?.(hm♘=uHMj=\rsєhBCW|GU#rN&[zQ\\d_5.eԒxTUur3yLEHg&_MQG&,1sF7,)4\Z$fK!{XWI\Z\"ѯr\'`TPnwpoL]P4 Lcٙ;vn$~Mݪ총^:omv%ˑQ&iL04`\niڧvn7a:nKkbvb7Lϯ^|Y^\r?\n_\r̯έhgsްw}4WB)uڙg_Vju>R#T<>`Ol> @Lryf_X-6/Q4ry߆Qzܜ\\@Y{F/é!UȠW]	8C\\rF%g<[&0jduˤu.ݞăY8RhiK\">N|ǌ{1IKol|32=Z}ۑ+dJc?k?f=*@U\n3|8=~YA\0#\"qsULR9X\r(!ewlU.\n *.Aq*0zxBoӨ.r̳oY[ጷ_3e~ղ\n6A.h(h9\rrL1Br\r,_ {ECOG}Q!V;Q֒+\raM^K[\"\\i^lTL釆t3pտ4+\"xÂr8\n9u~wT-@銯ǳky	5RXs4c\'~Ή͇GEm]q)މ_ 3UU\rp0)s^if\"ssg8k -1fu]1s[avK(%fKnYxr]-eC6Ev<w#L~,9bN=dXrr%\'?d@S+98c;a rճ8vOri\0U\n&4MPrDl;@]C\0,:qxBi@EW7.G& 8o|dQp̓\'_aO&P`+@;i#8y]R鿊\'*I','2020-11-03 17:48:13'),(15,3,'audit/log','xXmoH_ɩ{ⴹ#pIHPTU@L0kiCHݙyv]\")I#i.hDWFRˋH*iդGar3hx7Y6QF>2|0a4VM|iODUeRTMBJ\n(-h4\niF~ԧ_\"j|^`i6Uky,H#`F1V;ŉoXu6,h6v;\Z.X7MZ QD 4L\Z6:(ܒ$	X/pI#-\nWǀi]x?\r)Z!1h>\\UU`T4n[}7>A{rzÁ=׃l`X2m,qY͸7;<jv+kd\rzll^LBoiB#y=2Xt\'}5K>_>9mx=8 6߮Aph8(0~c?|na~m8j8}FŵИgw*!{fp\Zb;a]z7gqJ%Sv<J.jV\nms_W걮OT2dAX%èQ\ZnD&qA\"\'Oi2c>dK~\nNLYHXfwПfb贙5}[Xh	-	peX8sABpZY\'<{)(L=@\\RMmRPH4}\Zed-s>i,\n&DGԋ@d\'KW}%[TH`xclʍMc0IkPRJi6$$\r]e(g%	⹅8C#r]Z<8&I:j\\MSx:1S2-LYT)UarmerZ{xwB>SiU\nʿ,YԾbO4k,[@ԷD\r	xR-HL@b5Y~~15Vo6I_c0K \0\'emo}X>Le7%C1c᙭qDx+e*aTuz{~gsc[~\\I6DU}-ɯ%JyvuKsl=mk?O2ta~\rI\r0U04,+a>ݕe5h%yMw̲zMl^x=V3yˏvdtRt2)5=)by^X\n)_~\\O>2[h|Gm^*RZxC-cnpzy@	Gw_#IPee(\0.','2020-11-03 17:48:13'),(16,3,'audit/profiling','xZoHՙf1^B-m.1*Ӗ[pM\0bV&mzǗwpʾ$Z(|B#\0Z	X-^ky44 6CHA.&P.I[Z.}WمB֟oSe\Z!~2%O>]ĻnyסpI/-aj?ǝ=X$t*B4\rP:&ۚT*WeTtτIRg;7?Ћ5g6l\n9]x~LiӔWݼd\\D.Y:r	<3nOxʻBt&I6XRl3Zk=<LTU%/\\\\\n(|Mޥ\n?=zWYa_)nWW?a\Z;X+:z}X\"6ihʙh3}s&^3\rH::!ݶVgxt4Ngeo8WRHt\"9^_!6{\ZXu6]keMox)&4\"WJ?ȱ7QW$vK;y2.:/{[nado\n%J|-kGigVz23--!;֕Yrh<%Kwm++B&(7\'#lѫpj+2oU:m_\0\"R*9VQqFrƎukz\0HVg@J\Z=\Zz&\ZGT,O|O^s$\\x1I\'Ol|\Zs7sivG9n~XC\Z4@{@x۷Ⲏ\0\'\0UjA~3cROeA%\0BZUTgI[Kz$»[NE6bG>(V:ꯓME?jj*/q&l\Z?	j9Ԇ/hc+FW4Ⱦ!ߧ[yBPҭJn%\Z<Қ\"V~)Z2(]䇬l]/׃F~\Z\\ߧrJ}~ް\\0\rBv?r{i@t#VQ5RƹBJsN\ZG(2Ł8V=_\"j\"ީĨ0\\ax7jkLdlg`ޓu	P\n;acyyRV0f)B4Y!X\ZUU6ev<#8rN	9V\\qr_qnu\nW\\qnLS^Fo̡m\r[9mЀj@\0cߡ\']E	%*֖7SLhIp~\'Ow~S5<@y\0i?O;E]R鿊\'bM|~&ױ','2020-11-03 17:48:13');
/*!40000 ALTER TABLE `audit_data` ENABLE KEYS */;
UNLOCK TABLES;

--
-- Table structure for table `audit_entry`
--

DROP TABLE IF EXISTS `audit_entry`;
/*!40101 SET @saved_cs_client     = @@character_set_client */;
/*!40101 SET character_set_client = utf8 */;
CREATE TABLE `audit_entry` (
  `id` int(11) NOT NULL AUTO_INCREMENT,
  `created` datetime NOT NULL,
  `user_id` int(11) DEFAULT 0,
  `duration` float DEFAULT NULL,
  `ip` varchar(45) DEFAULT NULL,
  `request_method` varchar(16) DEFAULT NULL,
  `ajax` int(1) NOT NULL DEFAULT 0,
  `route` varchar(255) DEFAULT NULL,
  `memory_max` int(11) DEFAULT NULL,
  PRIMARY KEY (`id`),
  KEY `idx_user_id` (`user_id`),
  KEY `idx_route` (`route`)
) ENGINE=InnoDB AUTO_INCREMENT=4 DEFAULT CHARSET=utf8;
/*!40101 SET character_set_client = @saved_cs_client */;

--
-- Dumping data for table `audit_entry`
--

LOCK TABLES `audit_entry` WRITE;
/*!40000 ALTER TABLE `audit_entry` DISABLE KEYS */;
INSERT INTO `audit_entry` VALUES (1,'2020-11-03 17:44:56',NULL,0.198084,'172.20.0.1','POST',0,'user/registration/register',3929376),(2,'2020-11-03 17:48:05',NULL,NULL,'172.20.0.1','POST',0,'usuario/login',NULL),(3,'2020-11-03 17:48:13',NULL,0.149309,'172.20.0.1','POST',0,'usuario/login',3165200);
/*!40000 ALTER TABLE `audit_entry` ENABLE KEYS */;
UNLOCK TABLES;

--
-- Table structure for table `audit_error`
--

DROP TABLE IF EXISTS `audit_error`;
/*!40101 SET @saved_cs_client     = @@character_set_client */;
/*!40101 SET character_set_client = utf8 */;
CREATE TABLE `audit_error` (
  `id` int(11) NOT NULL AUTO_INCREMENT,
  `entry_id` int(11) NOT NULL,
  `created` datetime NOT NULL,
  `message` text NOT NULL,
  `code` int(11) DEFAULT 0,
  `file` varchar(512) DEFAULT NULL,
  `line` int(11) DEFAULT NULL,
  `trace` blob DEFAULT NULL,
  `hash` varchar(32) DEFAULT NULL,
  `emailed` tinyint(1) NOT NULL DEFAULT 0,
  PRIMARY KEY (`id`),
  KEY `fk_audit_error_entry_id` (`entry_id`),
  KEY `idx_file` (`file`(180)),
  KEY `idx_emailed` (`emailed`),
  CONSTRAINT `fk_audit_error_entry_id` FOREIGN KEY (`entry_id`) REFERENCES `audit_entry` (`id`)
) ENGINE=InnoDB DEFAULT CHARSET=utf8;
/*!40101 SET character_set_client = @saved_cs_client */;

--
-- Dumping data for table `audit_error`
--

LOCK TABLES `audit_error` WRITE;
/*!40000 ALTER TABLE `audit_error` DISABLE KEYS */;
/*!40000 ALTER TABLE `audit_error` ENABLE KEYS */;
UNLOCK TABLES;

--
-- Table structure for table `audit_javascript`
--

DROP TABLE IF EXISTS `audit_javascript`;
/*!40101 SET @saved_cs_client     = @@character_set_client */;
/*!40101 SET character_set_client = utf8 */;
CREATE TABLE `audit_javascript` (
  `id` int(11) NOT NULL AUTO_INCREMENT,
  `entry_id` int(11) NOT NULL,
  `created` datetime NOT NULL,
  `type` varchar(20) NOT NULL,
  `message` text NOT NULL,
  `origin` varchar(512) DEFAULT NULL,
  `data` blob DEFAULT NULL,
  PRIMARY KEY (`id`),
  KEY `fk_audit_javascript_entry_id` (`entry_id`),
  CONSTRAINT `fk_audit_javascript_entry_id` FOREIGN KEY (`entry_id`) REFERENCES `audit_entry` (`id`)
) ENGINE=InnoDB DEFAULT CHARSET=utf8;
/*!40101 SET character_set_client = @saved_cs_client */;

--
-- Dumping data for table `audit_javascript`
--

LOCK TABLES `audit_javascript` WRITE;
/*!40000 ALTER TABLE `audit_javascript` DISABLE KEYS */;
/*!40000 ALTER TABLE `audit_javascript` ENABLE KEYS */;
UNLOCK TABLES;

--
-- Table structure for table `audit_mail`
--

DROP TABLE IF EXISTS `audit_mail`;
/*!40101 SET @saved_cs_client     = @@character_set_client */;
/*!40101 SET character_set_client = utf8 */;
CREATE TABLE `audit_mail` (
  `id` int(11) NOT NULL AUTO_INCREMENT,
  `entry_id` int(11) NOT NULL,
  `created` datetime NOT NULL,
  `successful` int(11) NOT NULL,
  `from` varchar(255) DEFAULT NULL,
  `to` varchar(255) DEFAULT NULL,
  `reply` varchar(255) DEFAULT NULL,
  `cc` varchar(255) DEFAULT NULL,
  `bcc` varchar(255) DEFAULT NULL,
  `subject` varchar(255) DEFAULT NULL,
  `text` blob DEFAULT NULL,
  `html` blob DEFAULT NULL,
  `data` longblob DEFAULT NULL,
  PRIMARY KEY (`id`),
  KEY `fk_audit_mail_entry_id` (`entry_id`),
  CONSTRAINT `fk_audit_mail_entry_id` FOREIGN KEY (`entry_id`) REFERENCES `audit_entry` (`id`)
) ENGINE=InnoDB AUTO_INCREMENT=2 DEFAULT CHARSET=utf8;
/*!40101 SET character_set_client = @saved_cs_client */;

--
-- Dumping data for table `audit_mail`
--

LOCK TABLES `audit_mail` WRITE;
/*!40000 ALTER TABLE `audit_mail` DISABLE KEYS */;
INSERT INTO `audit_mail` VALUES (1,1,'2020-11-03 17:44:56',1,'admin@example.com','admin@correo.com',NULL,NULL,NULL,'Bienvenido a My Application','x1\n0EwBd͝\n\n9*-#;CթGl\Z.xX`ِ7ɍP2>weV]\rمV\0u)\\Xߧܥsn~a1Gq7J*QRh:YM0\\1','xXێ0}WY!^6uJZ$.+(x\Z;8nG<1Nݤ ,C39Iν{Q\':q6xw&.Qp\'g9>c|po/ϞBrI\'抱G&Υ<oMclͽ^MCWl\n\'Fp(i,Ba?OZt:sxSsXzB7WCx`%WaVPh\'@+nwAIxQ݅۱r!ya7rq\0\Z2n&1OuĤn81M\0,TR*,R,p8ẉЅxmz8-\rXpel?8$W,Mq?<Cq{Xx?H6\ZP\0ncK]ک|19>Tŗ\'-OHɗ&E[]xX2ǜZ:m=ؠ2K*y\nvDQP3V-IQ	>u-IE2QQ	9+#Ff_\n:^?7ߖ_\\8kk֫4W[?`Xhc1\0^paFj\njlTC&by^IX[9b\"Z_\rPAX2ʻ\0BZ#_4*\\G]k-%5sG0jqT[zxQe_wfMALS~w]Rv@cMОR?GAVفvo®:C:nv$`\0l4RV:?61rx','xX[s8~g؀!@iH\'i-SFXږ+K\r	Κ8\\ɉi[^\'	r#qjN^LFo8.muyc|]74?ҧjeH5hψ\"4C\Zz݁Z<[{rǁ2V)zPDoqؗJq>}{mU=Ҩ:W2<>yELi`U+d,~P%K1wͶ܍sޜ4M;ܡ~{\'mZ?:p~RWڎ*gT%\\zb]*\Z%ȗLDS|K͙+i:xjԍ|S)Qk2$ SFO\0GbCx9Iy\'<(Uk	_X*0`!,aq0 lX/\\tM|+Rl֕mGC1	m_LسrY?TS{Bn-\\gՠ|fUDɠ5v)F$>8r^Z\Z#nx\ZbK>9u{ܘK%h\0c+1kq~@Dܚq1i,NTMT#1KuzD9$\\DCcB%Aå`z7/X2Oj.` >-	\0%Ckeκaڙdd<e tW&vYrI~%R3:R4Ҁ(hzFVi,ʾd{0.C^@A\0#d|4Mm?IJZ*\Z~\0vC<+;Ztq[G)~`vBkm~BlUt¾YL[gVlS\\\n5\\g,s^vj	lɷBtee	q O\n/S6=+H\"te)q\0D&̃5F&E}4ecN>}J}S1|%72}#3-fCPerzvQ@tot4L>QI$UH|5KI=};~mW]m_WӕԏMǇԴ\'vY;(\ZѰSD=>x8A(%耪0qq{.\ncG.1P)Ο(Ogn,ݟ\0mGy]C]>v])!b(;}_7Si+l\Z]NR-55I6Mc6N鰓TٮV%=z-4(NE	YtOYh+gkǓ@L#L)l3=J3#774sˎ-9?gLl$YlP!y\0ϩROmYJ.͟a');
/*!40000 ALTER TABLE `audit_mail` ENABLE KEYS */;
UNLOCK TABLES;

--
-- Table structure for table `audit_trail`
--

DROP TABLE IF EXISTS `audit_trail`;
/*!40101 SET @saved_cs_client     = @@character_set_client */;
/*!40101 SET character_set_client = utf8 */;
CREATE TABLE `audit_trail` (
  `id` int(11) NOT NULL AUTO_INCREMENT,
  `entry_id` int(11) DEFAULT NULL,
  `user_id` int(11) DEFAULT NULL,
  `action` varchar(255) NOT NULL,
  `model` varchar(255) NOT NULL,
  `model_id` varchar(255) NOT NULL,
  `field` varchar(255) DEFAULT NULL,
  `old_value` text DEFAULT NULL,
  `new_value` text DEFAULT NULL,
  `created` datetime NOT NULL,
  PRIMARY KEY (`id`),
  KEY `fk_audit_trail_entry_id` (`entry_id`),
  KEY `idx_audit_user_id` (`user_id`),
  KEY `idx_audit_trail_field` (`model`,`model_id`,`field`),
  KEY `idx_audit_trail_action` (`action`),
  CONSTRAINT `fk_audit_trail_entry_id` FOREIGN KEY (`entry_id`) REFERENCES `audit_entry` (`id`)
) ENGINE=InnoDB DEFAULT CHARSET=utf8;
/*!40101 SET character_set_client = @saved_cs_client */;

--
-- Dumping data for table `audit_trail`
--

LOCK TABLES `audit_trail` WRITE;
/*!40000 ALTER TABLE `audit_trail` DISABLE KEYS */;
/*!40000 ALTER TABLE `audit_trail` ENABLE KEYS */;
UNLOCK TABLES;

--
-- Table structure for table `banco`
--

DROP TABLE IF EXISTS `banco`;
/*!40101 SET @saved_cs_client     = @@character_set_client */;
/*!40101 SET character_set_client = utf8 */;
CREATE TABLE `banco` (
  `id` int(11) NOT NULL,
  `nombre` varchar(45) DEFAULT NULL,
  PRIMARY KEY (`id`)
) ENGINE=InnoDB DEFAULT CHARSET=utf8;
/*!40101 SET character_set_client = @saved_cs_client */;

--
-- Dumping data for table `banco`
--

LOCK TABLES `banco` WRITE;
/*!40000 ALTER TABLE `banco` DISABLE KEYS */;
INSERT INTO `banco` VALUES (1,'Patagonia');
/*!40000 ALTER TABLE `banco` ENABLE KEYS */;
UNLOCK TABLES;

--
-- Table structure for table `cuenta`
--

DROP TABLE IF EXISTS `cuenta`;
/*!40101 SET @saved_cs_client     = @@character_set_client */;
/*!40101 SET character_set_client = utf8 */;
CREATE TABLE `cuenta` (
  `id` int(11) NOT NULL AUTO_INCREMENT,
  `cbu` varchar(45) NOT NULL,
  `personaid` int(11) NOT NULL,
  `bancoid` int(11) NOT NULL,
  `tipo_cuentaid` int(11) NOT NULL,
  `create_at` datetime DEFAULT NULL COMMENT ' Nos indica de donde fue dado de alta\n',
  `tesoreria_alta` tinyint(4) DEFAULT 0,
  PRIMARY KEY (`id`),
  UNIQUE KEY `cbu_UNIQUE` (`cbu`),
  KEY `fk_cuenta_banco_idx` (`bancoid`),
  KEY `fk_cuenta_tipo_cuenta1_idx` (`tipo_cuentaid`),
  CONSTRAINT `fk_cuenta_banco` FOREIGN KEY (`bancoid`) REFERENCES `banco` (`id`) ON DELETE NO ACTION ON UPDATE NO ACTION,
  CONSTRAINT `fk_cuenta_tipo_cuenta1` FOREIGN KEY (`tipo_cuentaid`) REFERENCES `tipo_cuenta` (`id`) ON DELETE NO ACTION ON UPDATE NO ACTION
) ENGINE=InnoDB DEFAULT CHARSET=utf8;
/*!40101 SET character_set_client = @saved_cs_client */;

--
-- Dumping data for table `cuenta`
--

LOCK TABLES `cuenta` WRITE;
/*!40000 ALTER TABLE `cuenta` DISABLE KEYS */;
/*!40000 ALTER TABLE `cuenta` ENABLE KEYS */;
UNLOCK TABLES;

--
-- Table structure for table `migration`
--

DROP TABLE IF EXISTS `migration`;
/*!40101 SET @saved_cs_client     = @@character_set_client */;
/*!40101 SET character_set_client = utf8 */;
CREATE TABLE `migration` (
  `version` varchar(180) NOT NULL,
  `apply_time` int(11) DEFAULT NULL,
  PRIMARY KEY (`version`)
) ENGINE=InnoDB DEFAULT CHARSET=utf8;
/*!40101 SET character_set_client = @saved_cs_client */;

--
-- Dumping data for table `migration`
--

LOCK TABLES `migration` WRITE;
/*!40000 ALTER TABLE `migration` DISABLE KEYS */;
INSERT INTO `migration` VALUES ('bedezign\\yii2\\audit\\migrations\\m150626_000001_create_audit_entry',1604425456),('bedezign\\yii2\\audit\\migrations\\m150626_000002_create_audit_data',1604425457),('bedezign\\yii2\\audit\\migrations\\m150626_000003_create_audit_error',1604425459),('bedezign\\yii2\\audit\\migrations\\m150626_000004_create_audit_trail',1604425461),('bedezign\\yii2\\audit\\migrations\\m150626_000005_create_audit_javascript',1604425462),('bedezign\\yii2\\audit\\migrations\\m150626_000006_create_audit_mail',1604425463),('bedezign\\yii2\\audit\\migrations\\m150714_000001_alter_audit_data',1604425463),('bedezign\\yii2\\audit\\migrations\\m170126_000001_alter_audit_mail',1604425464),('m000000_000000_base',1604425436),('m140209_132017_init',1604425449),('m140403_174025_create_account_table',1604425450),('m140504_113157_update_tables',1604425451),('m140504_130429_create_token_table',1604425453),('m140830_171933_fix_ip_field',1604425453),('m140830_172703_change_account_table_name',1604425454),('m141222_110026_update_ip_field',1604425455),('m141222_135246_alter_username_length',1604425455),('m150614_103145_update_social_account_table',1604425455),('m150623_212711_fix_username_notnull',1604425455),('m151218_234654_add_timezone_to_profile',1604425463),('m160929_103127_add_last_login_at_to_user_table',1604425463);
/*!40000 ALTER TABLE `migration` ENABLE KEYS */;
UNLOCK TABLES;

--
-- Table structure for table `prestacion`
--

DROP TABLE IF EXISTS `prestacion`;
/*!40101 SET @saved_cs_client     = @@character_set_client */;
/*!40101 SET character_set_client = utf8 */;
CREATE TABLE `prestacion` (
  `id` int(11) NOT NULL AUTO_INCREMENT,
  `monto` double NOT NULL,
  `create_at` datetime NOT NULL,
  `proposito` text DEFAULT NULL,
  `observacion` text DEFAULT NULL,
  `sub_sucursalid` int(11) NOT NULL,
  `personaid` int(11) NOT NULL,
  `estado` tinyint(4) DEFAULT NULL COMMENT '0 - Sin CBU\n1 - Con CBU\n2 - En tesoreria',
  `fecha_ingreso` date NOT NULL COMMENT 'Esta fecha nos indica cuando fue la solicitud de esta prestacion\n',
  PRIMARY KEY (`id`),
  KEY `fk_prestacion_sub_sucursal1_idx` (`sub_sucursalid`),
  CONSTRAINT `fk_prestacion_sub_sucursal1` FOREIGN KEY (`sub_sucursalid`) REFERENCES `sub_sucursal` (`id`) ON DELETE NO ACTION ON UPDATE NO ACTION
) ENGINE=InnoDB DEFAULT CHARSET=utf8;
/*!40101 SET character_set_client = @saved_cs_client */;

--
-- Dumping data for table `prestacion`
--

LOCK TABLES `prestacion` WRITE;
/*!40000 ALTER TABLE `prestacion` DISABLE KEYS */;
/*!40000 ALTER TABLE `prestacion` ENABLE KEYS */;
UNLOCK TABLES;

--
-- Table structure for table `profile`
--

DROP TABLE IF EXISTS `profile`;
/*!40101 SET @saved_cs_client     = @@character_set_client */;
/*!40101 SET character_set_client = utf8 */;
CREATE TABLE `profile` (
  `user_id` int(11) NOT NULL,
  `name` varchar(255) COLLATE utf8_unicode_ci DEFAULT NULL,
  `public_email` varchar(255) COLLATE utf8_unicode_ci DEFAULT NULL,
  `gravatar_email` varchar(255) COLLATE utf8_unicode_ci DEFAULT NULL,
  `gravatar_id` varchar(32) COLLATE utf8_unicode_ci DEFAULT NULL,
  `location` varchar(255) COLLATE utf8_unicode_ci DEFAULT NULL,
  `website` varchar(255) COLLATE utf8_unicode_ci DEFAULT NULL,
  `bio` text COLLATE utf8_unicode_ci DEFAULT NULL,
  `timezone` varchar(40) COLLATE utf8_unicode_ci DEFAULT NULL,
  PRIMARY KEY (`user_id`),
  CONSTRAINT `fk_user_profile` FOREIGN KEY (`user_id`) REFERENCES `user` (`id`) ON DELETE CASCADE
) ENGINE=InnoDB DEFAULT CHARSET=utf8 COLLATE=utf8_unicode_ci;
/*!40101 SET character_set_client = @saved_cs_client */;

--
-- Dumping data for table `profile`
--

LOCK TABLES `profile` WRITE;
/*!40000 ALTER TABLE `profile` DISABLE KEYS */;
INSERT INTO `profile` VALUES (1,NULL,NULL,NULL,NULL,NULL,NULL,NULL,NULL);
/*!40000 ALTER TABLE `profile` ENABLE KEYS */;
UNLOCK TABLES;

--
-- Table structure for table `social_account`
--

DROP TABLE IF EXISTS `social_account`;
/*!40101 SET @saved_cs_client     = @@character_set_client */;
/*!40101 SET character_set_client = utf8 */;
CREATE TABLE `social_account` (
  `id` int(11) NOT NULL AUTO_INCREMENT,
  `user_id` int(11) DEFAULT NULL,
  `provider` varchar(255) COLLATE utf8_unicode_ci NOT NULL,
  `client_id` varchar(255) COLLATE utf8_unicode_ci NOT NULL,
  `data` text COLLATE utf8_unicode_ci DEFAULT NULL,
  `code` varchar(32) COLLATE utf8_unicode_ci DEFAULT NULL,
  `created_at` int(11) DEFAULT NULL,
  `email` varchar(255) COLLATE utf8_unicode_ci DEFAULT NULL,
  `username` varchar(255) COLLATE utf8_unicode_ci DEFAULT NULL,
  PRIMARY KEY (`id`),
  UNIQUE KEY `account_unique` (`provider`,`client_id`),
  UNIQUE KEY `account_unique_code` (`code`),
  KEY `fk_user_account` (`user_id`),
  CONSTRAINT `fk_user_account` FOREIGN KEY (`user_id`) REFERENCES `user` (`id`) ON DELETE CASCADE
) ENGINE=InnoDB DEFAULT CHARSET=utf8 COLLATE=utf8_unicode_ci;
/*!40101 SET character_set_client = @saved_cs_client */;

--
-- Dumping data for table `social_account`
--

LOCK TABLES `social_account` WRITE;
/*!40000 ALTER TABLE `social_account` DISABLE KEYS */;
/*!40000 ALTER TABLE `social_account` ENABLE KEYS */;
UNLOCK TABLES;

--
-- Table structure for table `sub_sucursal`
--

DROP TABLE IF EXISTS `sub_sucursal`;
/*!40101 SET @saved_cs_client     = @@character_set_client */;
/*!40101 SET character_set_client = utf8 */;
CREATE TABLE `sub_sucursal` (
  `id` int(11) NOT NULL AUTO_INCREMENT,
  `localidad` varchar(45) DEFAULT NULL,
  `codigo_postal` varchar(45) DEFAULT NULL,
  `codigo` varchar(45) DEFAULT NULL,
  `sucursalid` int(11) NOT NULL,
  PRIMARY KEY (`id`),
  KEY `fk_sub_sucursal_sucursal1_idx` (`sucursalid`),
  CONSTRAINT `fk_sub_sucursal_sucursal1` FOREIGN KEY (`sucursalid`) REFERENCES `sucursal` (`id`) ON DELETE NO ACTION ON UPDATE NO ACTION
) ENGINE=InnoDB AUTO_INCREMENT=38 DEFAULT CHARSET=utf8;
/*!40101 SET character_set_client = @saved_cs_client */;

--
-- Dumping data for table `sub_sucursal`
--

LOCK TABLES `sub_sucursal` WRITE;
/*!40000 ALTER TABLE `sub_sucursal` DISABLE KEYS */;
INSERT INTO `sub_sucursal` VALUES (1,'Allen','8328','161014',14),(2,'Bariloche','8400','161399',3),(3,'Pilcaniyeu','8412','161355',3),(4,'C. Belisle','8364','161127',1),(5,'C. Cordero','8301','161124',1),(6,'Campo Grande','','',1),(7,'Catriel','8307','161073',11),(8,'Cervantes','8326','161085',2),(9,'Cinco Saltos','8303','161103',1),(10,'Cipoletti','8324','161104',13),(11,'Comallo','8416','161120',3),(12,'Chinchinales','8326','161095',4),(13,'Ing. Huergo','8334','161196',4),(14,'Mainque','8326','161296',4),(15,'Villa Regina','8336','161452',4),(16,'Chimpay','8364','161096',5),(17,'Choele Choel','8360','161099',5),(18,'Darwin','8364','161143',5),(19,'Lamarque','8363','161267',5),(20,'Pomona','8363','161359',5),(21,'El Bolson','8430','161147',15),(22,'Fernandez Oro','8324','161183',6),(23,'General Conesa','8503','161181',16),(24,'General E. Godoy','8336','161182',4),(25,'General Roca','8332','161187',2),(26,'Guardia Mitre','8505','161188',7),(27,'Patagones','8504','21965',7),(28,'San Javier','8501','',7),(29,'Viedma','8500','161446',7),(30,'Ingeniero Jacobacci','8418','161197',17),(31,'Los Menucos','8426','161286',8),(32,'Manquichao','8422','161301',8),(33,'Sierra Colorada','8534','161424',8),(34,'Luis Beltran','8361','161292',5),(35,'Ramos Mexia','8534','161309',9),(36,'Sierra Grande','8532','161426',9),(37,'Valcheta','8536','161442',9);
/*!40000 ALTER TABLE `sub_sucursal` ENABLE KEYS */;
UNLOCK TABLES;

--
-- Table structure for table `sucursal`
--

DROP TABLE IF EXISTS `sucursal`;
/*!40101 SET @saved_cs_client     = @@character_set_client */;
/*!40101 SET character_set_client = utf8 */;
CREATE TABLE `sucursal` (
  `id` int(11) NOT NULL AUTO_INCREMENT,
  `nombre` varchar(45) DEFAULT NULL,
  `codigo` varchar(45) DEFAULT NULL,
  PRIMARY KEY (`id`)
) ENGINE=InnoDB AUTO_INCREMENT=18 DEFAULT CHARSET=utf8;
/*!40101 SET character_set_client = @saved_cs_client */;

--
-- Dumping data for table `sucursal`
--

LOCK TABLES `sucursal` WRITE;
/*!40000 ALTER TABLE `sucursal` DISABLE KEYS */;
INSERT INTO `sucursal` VALUES (1,'Cinco Saltos','256'),(2,'General Roca','220'),(3,'Bariloche','255'),(4,'Villa Regina','253'),(5,'Choele Choel','264'),(6,'Fernandez Oro','388'),(7,'Viedma','250'),(8,'Los Menucos','387'),(9,'San Antonio Oeste','252'),(10,'Beltran','286'),(11,'Catriel','257'),(12,'Rio Colorado','258'),(13,'Cipoletti','251'),(14,'Allen','265'),(15,'El Bolson','263'),(16,'General Conesa','259'),(17,'Ing. Jacobacci','261');
/*!40000 ALTER TABLE `sucursal` ENABLE KEYS */;
UNLOCK TABLES;

--
-- Table structure for table `tipo_cuenta`
--

DROP TABLE IF EXISTS `tipo_cuenta`;
/*!40101 SET @saved_cs_client     = @@character_set_client */;
/*!40101 SET character_set_client = utf8 */;
CREATE TABLE `tipo_cuenta` (
  `id` int(11) NOT NULL AUTO_INCREMENT,
  `nombre` varchar(45) NOT NULL,
  PRIMARY KEY (`id`)
) ENGINE=InnoDB AUTO_INCREMENT=3 DEFAULT CHARSET=utf8;
/*!40101 SET character_set_client = @saved_cs_client */;

--
-- Dumping data for table `tipo_cuenta`
--

LOCK TABLES `tipo_cuenta` WRITE;
/*!40000 ALTER TABLE `tipo_cuenta` DISABLE KEYS */;
INSERT INTO `tipo_cuenta` VALUES (1,'Cuenta Corriente'),(2,'Caja de Ahorro');
/*!40000 ALTER TABLE `tipo_cuenta` ENABLE KEYS */;
UNLOCK TABLES;

--
-- Table structure for table `token`
--

DROP TABLE IF EXISTS `token`;
/*!40101 SET @saved_cs_client     = @@character_set_client */;
/*!40101 SET character_set_client = utf8 */;
CREATE TABLE `token` (
  `user_id` int(11) NOT NULL,
  `code` varchar(32) COLLATE utf8_unicode_ci NOT NULL,
  `created_at` int(11) NOT NULL,
  `type` smallint(6) NOT NULL,
  UNIQUE KEY `token_unique` (`user_id`,`code`,`type`),
  CONSTRAINT `fk_user_token` FOREIGN KEY (`user_id`) REFERENCES `user` (`id`) ON DELETE CASCADE
) ENGINE=InnoDB DEFAULT CHARSET=utf8 COLLATE=utf8_unicode_ci;
/*!40101 SET character_set_client = @saved_cs_client */;

--
-- Dumping data for table `token`
--

LOCK TABLES `token` WRITE;
/*!40000 ALTER TABLE `token` DISABLE KEYS */;
/*!40000 ALTER TABLE `token` ENABLE KEYS */;
UNLOCK TABLES;

--
-- Table structure for table `user`
--

DROP TABLE IF EXISTS `user`;
/*!40101 SET @saved_cs_client     = @@character_set_client */;
/*!40101 SET character_set_client = utf8 */;
CREATE TABLE `user` (
  `id` int(11) NOT NULL AUTO_INCREMENT,
  `username` varchar(255) COLLATE utf8_unicode_ci NOT NULL,
  `email` varchar(255) COLLATE utf8_unicode_ci NOT NULL,
  `password_hash` varchar(60) COLLATE utf8_unicode_ci NOT NULL,
  `auth_key` varchar(32) COLLATE utf8_unicode_ci NOT NULL,
  `confirmed_at` int(11) DEFAULT NULL,
  `unconfirmed_email` varchar(255) COLLATE utf8_unicode_ci DEFAULT NULL,
  `blocked_at` int(11) DEFAULT NULL,
  `registration_ip` varchar(45) COLLATE utf8_unicode_ci DEFAULT NULL,
  `created_at` int(11) NOT NULL,
  `updated_at` int(11) NOT NULL,
  `flags` int(11) NOT NULL DEFAULT 0,
  `last_login_at` int(11) DEFAULT NULL,
  PRIMARY KEY (`id`),
  UNIQUE KEY `user_unique_username` (`username`),
  UNIQUE KEY `user_unique_email` (`email`)
) ENGINE=InnoDB AUTO_INCREMENT=2 DEFAULT CHARSET=utf8 COLLATE=utf8_unicode_ci;
/*!40101 SET character_set_client = @saved_cs_client */;

--
-- Dumping data for table `user`
--

LOCK TABLES `user` WRITE;
/*!40000 ALTER TABLE `user` DISABLE KEYS */;
INSERT INTO `user` VALUES (1,'admin','admin@correo.com','$2y$10$/T.AkPD.z3kDMtV0gMCu1uyyf8KnGYJQiDzJ0CeNPGy091iK5eRsW','sbkJe8GTYk9a8y_F52gvKHSN2_j83bQC',1604425496,NULL,NULL,'172.20.0.2',1604425496,1604425496,0,NULL);
/*!40000 ALTER TABLE `user` ENABLE KEYS */;
UNLOCK TABLES;
/*!40103 SET TIME_ZONE=@OLD_TIME_ZONE */;

/*!40101 SET SQL_MODE=@OLD_SQL_MODE */;
/*!40014 SET FOREIGN_KEY_CHECKS=@OLD_FOREIGN_KEY_CHECKS */;
/*!40014 SET UNIQUE_CHECKS=@OLD_UNIQUE_CHECKS */;
/*!40101 SET CHARACTER_SET_CLIENT=@OLD_CHARACTER_SET_CLIENT */;
/*!40101 SET CHARACTER_SET_RESULTS=@OLD_CHARACTER_SET_RESULTS */;
/*!40101 SET COLLATION_CONNECTION=@OLD_COLLATION_CONNECTION */;
/*!40111 SET SQL_NOTES=@OLD_SQL_NOTES */;

-- Dump completed on 2020-11-03 14:53:27
